{"paths":{},"types":[],"uuids":["223FdrbAZAwaQUI0w6rCGt","35FMW3L/ZCzKXIWYXlIvLJ","37o5qokydJDbgN/kKJ0F7R","3fBf1fsZdBEo6ne6Y/VLxa","5aX942yChK4LgjmUa/g2o0","5bPFtNlQhNnKGp9H407HQB","61Itd/X1pE0JV0HEQ6fawU","75ri0IBk5LyKsZQQIg7Xkt","78NIPLiHBL2Inam0a1+2gT","82y1QSo31DdoR61l0Eu4i1","88etNlOy5J06IbFe4b85XJ","f4uL47NshHlKn6nPZ8ooB0","f8ZSVOHO1KU6yIzDnQj0DK","03zzdWbT1Jo5eJPN3cfeQY","07hCPhfYBP06uuri/acEwX","07wS9hp21OGbhYCf2Ae+Jq","08Rr0/JHZPjLvH+YF+eWQN","0aX9HHpQFJDKP1RsuUlu8W","0dQQAT7nhLFLP4VOdjRd6l","0fNdNniLFJSaIqRmyreTrQ","12V1AiJQNI5pR8P1ZhNYLh","12xUqcwTxDgqEWuxjbn5t1","13r/ilNjRJoJK61EP7Cpav","14rTqlqmRH2Jloo6czmgmT","15sYIc+QZBYq6J9cinaAaT","16HRwaJ+5MLbtKVAIL5BPk","17SnGsDgdOGpeCW6JB+ITT","1aI8+EskNDv7gJhdwYRPPT","1bSqWgT0NMc5SBPi+ySOus","1dsY3S4yNJUp8HukaEKBh/","1eDmbqnHREH5vOj1SLsZRT","1eD7FJ+yZKPqrc6kG5Yh4y","1fTmTj++lHqaML5dpl3MsX","23M05gxEpAlKIFIrMEK9UJ","27qWFGZGxPTYGnNAGuSJN6","273AnbVfBFsKh9LFlrYP9R","28R80rGBNOQrywuwqeG7SD","29TzvfxAVB2qOfOklddo1i","29zlzBTXxFho8er0GgLA/v","2dC4ThwN9H+rXsDJNlEgRD","2ehU4SVClD7KebCF/SeQ/G","2fCOPb7GxFa6n710d5x9PS","34Vr9TuKFLxali03chhxlf","35pLFPPwZO1YhiwsPSAf2n","36A37kMGZME4N5DKrKJpVb","40ItJMqKNDhoBeWMGI08lW","44i4CB205PP58P7EZRUggt","46mk+OUrZFPbwnynB+TySG","46pG/++dNLqbkYLs/5cZDj","49+MNWsDtMzYfNqB7P6AIo","4adcLtn2pPaq76YNRGPS30","4eUFGFibhANKQzKSx5HFhd","4fmgKpGQ5Lk56q/Q3xsqgq","4f0PYjDRhLuJOpNqjXr6VA","50BAzCs7NO5o73VYoKKC1V","50hzakHO9J/Jbg8WiCOyWy","53OpatCOFIgoQwqE3gOQt1","54IdeZBE1Jw6cqsMwEo1ic","55Nfu7FFtLN4wXY2hKle3o","58qjXWEbdCPIqLAW/mfIXp","59A8NXfUdCt6sSPcsIGVsp","59sMmK2IVH77K32NKjVUTN","60DfWygFlIirBM9ifGT2Ht","60qxuNt2ZKfrr1GZqKA5h8","60sPWThypMyoLwcr6Nn0zX","63C3DWOCdMdZq2kgXGkf88","63Vnul73NCW6jMdQFE65dH","64vPkClZ1IuLqdpbqxGV3P","65DH+hiR1JQLvSeUkShPGj","67Pd2rntBJ0YfyoSxbGf84","68CRwPccxNE7g3Uxdnbyg3","6bQp4rTfVCtZyPCnthjOVD","6duZO4K5FAcLKcLXpZ9UA7","7143+LF0JM97JnyzQYuH1n","72RtPGznJIPLX9kxAGw0Uo","74FzibjshP8oklu24KrnbO","74Ptu9uw1FB5QxeBws0fur","77wbAKllVN2ptOaZoRE+R8","79bhlZ+/dB6pfrCD6LpZlE","7axycIgYRECZmqux1r1M6a","7a/QZLET9IDreTiBfRn2PD","7bk3jNBkRIk4Wcpf+0hKc4","7b0fcaMbRP1qNZ524C0eTq","7cMhhWhbNI3qS1ELkI7xAm","80rtryulBIfqRSLhEtbzM4","84umartdFHPbzcgEjAFG45","859YyizTRDlbxUZYKKZKlz","874pfS95dBLaCgWuk3c537","8a7JIr6mdFf5ST5zjut7PC","8b1sLWCZdBmpY3O1DH4Hyg","96LXxFFT9EaY0gkeTkx4RI","99TK1VA7RNr71Mh1RVDJXs","9avCbP5ZtMlIZryNy934Rx","9chRM0pwxIzL5PQ6sPuFb9","9dR1YfE7hCcpvO+H4M1ouW","9dgLXu7DlNKKWS2gHbp6/o","9e7X7iP3pCLLHCKV4cgQ8R","9fPLNuDPVIjIf3yS8rKoS/","a2MjXRFdtLlYQ5ouAFv/+R","a2cJus4NBO6oQb72c4+gxT","a5c4fqFv1Em43KJOVm9SvP","a5xLPhxfpBuYTqO7M3AbN1","a8uN6MnuNJZK+v81uqLXvE","abztkbPgtHT7cp5Gq51aEK","ab9vbB5WZHua8hyFmNDH8g","acgeh6fYlNGbHBhLMWkdLo","adht64nn9Dn7IKpqRy96fy","aeNAatZSBKHZRi5kanc+EJ","b1vxAmlU1KdrQhOgyS+0Pw","b4WL/Eg4RJHplnktc7CqLG","b7fJKnimpL5KSYezIE9fzn","b8sqQxzUNO04OZUv4yGflm","b88lLObc1Fm4gAx1Ho9UM4","bbD2KrQPxPsZr68jE9LumO","bcqtxvFVJNl6PDUi3cpJuI","bd6mcHZeZJjo34FsYTMfSe","bd8Q064p5LIqfK5VPPt5OY","c0k1nQp8xJAKqlgozrSXcg","c5qN/6dFBBx4uFdMn3mFYW","c77v4YdftH1Ju0R0toanS5","c9OrcsO5dLvYg4YO6W541Z","cbw1uP7gpBX4VZWDiIO5Ww","ccKqNhQg5LSb85HCINu8tV","cdbPNeHGZE7KP2c3IdU2/x","cfh4pN/c5BJ61pmDFPDvvI","d1HoiR3fFCMqJoCuFdkAN/","d1POOntzJPDaPB22ZiTQ7N","d2wH8WPqJGV52ri5pvpBoB","d3+vm/b91J5JalVYp4q6bO","d4vJp2HMVMTrIXoWs5fiDH","d5tfz30uZIvrXzeA6evW1X","dazXuTvLFBd7mYiVwvsmMz","dbALVbRfJPe5GVxpwZGO5o","ddKHu5oEJDLa1JA38tfQnG","e2V3TfwLpGwpIHXO4Ep9Sy","e6jo/Xjh5BhaYgYE4COKyl","e7t3oLfc9JqoTKNlj28Ppt","eaGQBUoUhIr5Xd8KhdLmLq","ecpdLyjvZBwrvm+cedCcQy","ecuo8G3vBFdIrNT0tDFhyj","efw0nJBExBb5Q+E4foi6Nl","f3AgBPcG9JfpEyWztBfK9X","f5lny3GEBO0bm//e8oD2Li","f522tJf8NA4LMlg296sV38","f8lkG1HwRD+ZplqoxhoIUn","faBT5DfZlMI7yYPzBu22MQ","fa8EN8O0dAo4xXGF4ZSuHl","fcNPuFywRG+6MURAn5vlSt","ffwAOYn05PiJmm6leXspou"],"scenes":{"db://assets/scene/game.fire":3,"db://assets/scene/intro.fire":1,"db://assets/scene/loading.fire":2},"redirect":[13,0,14,0,15,0,16,0,17,0,18,0,19,0,20,0,21,0,22,0,23,0,24,0,25,0,26,0,27,0,28,0,29,0,30,0,31,0,32,0,33,0,34,0,35,0,36,0,37,0,38,0,39,0,40,0,41,0,42,0,43,0,44,0,46,0,47,0,48,0,49,0,50,0,51,0,52,0,53,0,55,0,56,0,57,0,58,0,59,0,61,0,62,0,63,0,64,0,65,0,66,0,67,0,68,0,69,0,70,0,72,0,73,0,74,0,75,0,76,0,77,0,78,0,79,0,80,1,81,0,82,0,83,0,84,0,85,0,86,0,87,0,88,0,89,0,90,0,91,0,94,0,95,0,97,0,98,0,99,0,100,0,101,0,102,0,103,0,104,0,105,0,106,0,107,0,108,0,109,0,110,0,112,0,113,0,114,0,115,0,116,0,117,0,118,0,119,0,120,0,121,0,122,0,123,0,124,0,125,0,126,0,127,0,128,0,129,0,132,0,133,0,134,0,135,0,136,0,137,0,138,1,139,0,140,0,141,0,142,0,143,0,144,0,145,0,146,0,147,0,148,0],"deps":["resources","internal"],"packs":{"089482994":[0,4,5,6,7,8,9,10,11,12],"09c3ce0d0":[3,45,54,60,71,92,93,96,130,131],"0a4acb213":[1,111]},"name":"main","importBase":"import","nativeBase":"native","debug":false,"isZip":false,"encrypted":false,"versions":{"import":["089482994","0e399","09c3ce0d0","5111b","0a4acb213","d881e",2,"75e38"],"native":[0,"bc0a4",4,"a032e",5,"89ea5",6,"ec855",7,"4f43d",8,"1550b",9,"4106e",10,"0c5c1",11,"fcb29",12,"cdbc9"]}}