{"paths":{"0":["sound/roll_null",10],"1":["sound/respin",10],"2":["ani/lizixiaoguo",4],"3":["ani/particle_texturejinbidwon",4],"4":["sound/luck_turn",10],"5":["sound/into",10],"6":["sound/back",10],"7":["sound/luck_respin",10],"8":["sound/click",10],"9":["atlas/gems",1],"10":["atlas/game_1",1],"11":["sound/turn_back",10],"12":["sound/lock",10],"13":["atlas/item",1],"14":["sound/startspin",10],"15":["atlas/common_1",1],"16":["ani/skeleton",1],"17":["sound/huizhuan",10],"18":["atlas/logo",1],"19":["sound/beishu_5",10],"20":["ani/zhuanpanstar",3],"21":["ani/star",1],"22":["sound/beishu_10",10],"23":["ani/stars",1],"24":["ani/star",3],"25":["ani/award",1],"26":["ani/moneycom2",1],"27":["sound/win_mega",10],"28":["sound/bingo",10],"29":["ani/start",1],"30":["atlas/common4",1],"31":["sound/win_big",10],"32":["sound/win_super",10],"33":["ani/buttonset",3],"34":["sound/unlock",10],"35":["atlas/font",1],"36":["ani/paly",1],"37":["atlas/bet",1],"38":["ani/particle_texturejinbiup",4],"39":["sound/roll_end",10],"40":["sound/luck_turn1",10],"41":["sound/win_end",10],"42":["atlas/tutorial",1],"43":["sound/startTurn",10],"44":["ani/zhuanpanstar",1],"45":["atlas/record",1],"46":["sound/turn_end",10],"47":["sound/unlock_1",10],"48":["atlas/game_3",1],"49":["font/TTF_BasicFont_Normal",7],"50":["font/TTF_BasicFont_Bold",7],"51":["sound/start_1",10],"52":["ani/award",3],"53":["ani/skeleton",3],"54":["atlas/game_2",1],"55":["atlas/common_3",1],"56":["ani/stars",3],"57":["ani/particle_textureyidonglizi",4],"58":["atlas/common",1],"59":["sound/beishu_2",10],"60":["ani/buttonset",1],"61":["atlas/common_2",1],"62":["ani/paly",3],"63":["sound/seletc_100",10],"64":["font/winNum_0",1],"65":["ani/start",3],"66":["sound/luck_respin1",10],"67":["atlas/game",1],"68":["ani/moneycom2",3],"69":["sound/endTurn",10],"70":["ani/buttonset",2,1],"71":["ani/skeleton",0],"72":["atlas/game_2",6],"73":["ani/star",0],"74":["ani/turnStartClip",5],"75":["ani/stars",0],"76":["atlas/tutorial",6],"77":["font/winNum",8],"78":["ani/star",2,1],"79":["atlas/common",6],"80":["ani/buttonset",0],"81":["ani/moneycom2",2,1],"83":["atlas/common_2",6],"84":["ani/paly",0],"85":["ani/zhuanpanstar",2,1],"87":["ani/start",2,1],"88":["ani/award",0],"89":["atlas/gems",6],"90":["prefabs/AutoSpinView",9],"91":["atlas/game_3",6],"92":["atlas/common_3",6],"93":["ani/stars",2,1],"94":["ani/moneycom2",0],"95":["atlas/bet",6],"96":["font/winNum_0",2,1],"97":["atlas/common4",6],"98":["ani/award",2,1],"99":["prefabs/recordView",9],"100":["atlas/game_1",6],"101":["ani/respin_clip",5],"103":["prefabs/TipView",9],"104":["prefabs/WinMoreView",9],"105":["atlas/font",6],"106":["ani/paly",2,1],"107":["atlas/item",6],"108":["ani/zhuanpanstar",0],"109":["prefabs/BackpackView",9],"110":["ani/start",0],"111":["prefabs/FortuneGems",9],"112":["atlas/common_1",6],"113":["atlas/logo",6],"114":["prefabs/PromptView",9],"116":["ani/skeleton",2,1],"117":["atlas/game",6],"118":["atlas/record",6]},"types":["sp.SkeletonData","cc.Texture2D","cc.SpriteFrame","cc.Asset","cc.ParticleAsset","cc.AnimationClip","cc.SpriteAtlas","cc.TTFFont","cc.BitmapFont","cc.Prefab","cc.AudioClip"],"uuids":["001qasNTtAN7pSO29/wmKX","04S4BYNhpEM71gk9wwPMQV","05Dk8IPD5LsYisRKmcCVSp","07hCPhfYBP06uuri/acEwX","090mbYRT1L2aZAgJCYrlZk","11/CtPgrtNLYQEYKRa+7rI","1bB0HJ0lBAL4j6Y3N1KnBT","234hhOX89LB4Ah4gbuhAk2","2bsiU24QtDJIS3TfQpQ4JG","36tyrbk9RPOqEUiSZvOQuR","3cLmPrahZDja7OFyUbGcb4","3dCgJ4mC1N3L4DcA+1J+lp","3dGN33qc5CTrivivOhdloS","3d25mz2bVAYba75mMW/bvA","40oIUV7dNGL7ux9NDr2Uy4","41Nqkcc5RL1a2dO0ltC1cm","412dJq55RD7rqWliYj3pOY","436TRU88BBZb2Zexj3kjGC","45Nri1tiNJGZ9rhFy7czlW","484PXiJlRL1obYf7fmbb4/","4e2qie595KvawxunxdnA/i","502bczMxRFk7TU2KNkKlzh","54dgp0wtdF94qDbuyEZZk+","57I4Lnmm9HW6UqGDn/70zl","597gMZy4dJxq9Ykdo81hOF","5bcNtwP8BJGJavNa9kQs05","5cNS7RzCZA2o4ytrhxHKsx","5c23JRAWhHT5hfjyi7cf5C","6aq1EjGyJEw4szwSBwYyyD","6b8I1ndNpPSqxfQvrB6Yvb","72lwMbPw1Cx5jlZpaycSnU","722MQ03EhKhYI5WbXaYgxK","73x6EGBgRIv4DGSWP65v2g","79ShYQ00JL9qjtgWvliTqK","7cKEN3+OlGJaZR39y+xP5D","80CFN9yTZO8L7B/D4uW0kC","80fF6eiyZLoJ8pGYI1994w","86SnyV3BlNeqSWkBVXZDt8","874pfS95dBLaCgWuk3c537","8au84ToCZD5KN97YAmZZov","91ZAmhSVRDiZp6x5PEmI+h","95MPYYro1GPpqUCkAACkrX","97zY2adR5Cc5P9s5nkzHJZ","9b6HY1KL5CUpvxhB9+0lsn","9cTMsqyGZDOZmtaB3qJP/+","9fvgjEpGRMzYGQiSjUgRVX","a0lIuaEzNM95WrK/rMazCr","a1cfXWDWJCdK3ql9WZET9r","a6HR/JKztObYDxsg8NOyzL","a8uN6MnuNJZK+v81uqLXvE","adiRzDDnZKL6FDZ+YDry0G","b9qGr6vuZF3KDCITcwJsIB","bdpJ3WWvZBNopcGlW1/Dct","c1n7H4fWxCCJBUV3sZU9lU","c6VGuXrc1GA6fGR35pxkEn","c8DIgM+uRKBbilElb1FGS/","cayE1vJVhN/KONBN/pvyI+","ccKqNhQg5LSb85HCINu8tV","d4+3K+m5dOYZJeHxUjn7SC","d5xTHUMXROcZC0Q5PHsQ26","daqrWA91VIt7r7DGM3FhRd","deSO7e9QxA+r+TvaHaPRgT","e0AfskrdJMx50lDFz6zFPx","e3ib3AytNErJq2DHr4n6dE","e3kq23A0BIAad4GK8w1dZZ","e6DCJWtLJDopqiY3MdQcHb","e7AXrpH1FDDLhQMh/w5tEX","e7KHn8XKhNqoM9CDzfpL5F","e8QLQs2g5EyZKJBeSniHWb","ebyjdst0JC0bHksWeb2i8V","05VAQkhfZGjIW4qwHO5v63","0fNdNniLFJSaIqRmyreTrQ","104j7OZqdFeLcapObRviGB","12xUqcwTxDgqEWuxjbn5t1","1bSqWgT0NMc5SBPi+ySOus","1dsY3S4yNJUp8HukaEKBh/","1d34IpohZErLOikQmKvWw2","1fTmTj++lHqaML5dpl3MsX","25bdErcm1NPYDCqW7UzIZi","2ap6PtnLZDCqwGhinrQ/Fa","2dC4ThwN9H+rXsDJNlEgRD","2dki3yB0tJELovoRsiODRB","30W+6yCwpLt4LFCjLzVZ7B","34H8BZ3vhD0rcLoNkOnmHN","35pLFPPwZO1YhiwsPSAf2n","38XwFJ6qVO4rCwpwtOnc8y","49AFyiBthACadMnjSi/2LB","4cYLSUQyBNM5bYBAmTf1qb","50hzakHO9J/Jbg8WiCOyWy","53JzD+oUZHq62ESrsVflM2","58KpObGvBN5KsZdMmT1o/f","619532z9pGkbv6GgozYr3x","71qZUFFhdLtbRT/j04qYZS","769EXTIzdKT44WrtNANDVq","79bhlZ+/dB6pfrCD6LpZlE","7ai6PJjfFHdaYjZmmX8YKG","7dhKGRNmlDxbYfsdgpA3Zv","80Wm5FHdJAfLVw6cfkSy2t","92ye/GUc9PX45Ls2teYxJQ","923aU0vW1HdK/O0WOnqmq+","95yfyWt+NFj7Y6DBEV2mu2","9c8At2TYNNUKQiZr1I1ZHF","a8y8jqZb9MM7xFBcmSxvrf","ab7JmmZ1FA6pMe66aDs7Qz","adTPKONbBGoYVcErd3urvb","b6KA0hexhOWoUlzL9wpmt/","b7toYgZzhK8Is9BYgD6yjl","bcy2+mo4pCqJtBOUK6fjDG","bd6mcHZeZJjo34FsYTMfSe","caN3//WgxIIb0RCsjjnJWW","dbjDXjZhlBGZutafC9IVxm","dbytMBSsdF4KkYL2l1/kXa","e2wXRzvyJO55U6MW/IXtwT","e7NSQEz3BOo5UQykmwGM8u","ebARtzq0tIIb0J0UJt4YKF","f4G0F/TgBDUZhvRzMXbyNP","f7VOSxDxZFW4p9eM2KVtzW","f7Zx1rUIFFNbPehVhg3qg1","fbtyoDyKRDsar0IQjiripj","ffSH00muZBVphc7eIRFfQ+","00tlMa/OJOJ5SSeNPHRWur","00tyLk9rFNJLcvLs2NLyk9","01fGXFZzJEiYUg7bHYGCD2","01izm1tEpIrKj4u3z3hh7k","014dSD6hZHM7Z6VvZhCKNJ","02Oo2OXCxCELESZgO7gyqC","02cCyxQfBNkpWqvsc7z96F","02delMVqdBD70a/HSD99FK","02e5rNRBxAXYEJP4OIDJ5P","02sZkn/FZEtIILIk8Jh6jb","03zzdWbT1Jo5eJPN3cfeQY","04mo2LibhBLoMmjmdBNsup","04qPIKIB9GBKtfLjaA8eGO","05fJh4iKJGBLo3P5DQzOi9","06OCmHw6lDoaS6SxdjcINs","06OQXgfHxJV4R7Xfw+5fFs","06W7qhUfJOs6ihBkq5ceYD","06ZPZFsh5JJIeAWnXq+pwW","07gfwUsoFGNpgHIPPRspNX","07h5+K8eBLYrebaPRJ8LxV","07wS9hp21OGbhYCf2Ae+Jq","08Rr0/JHZPjLvH+YF+eWQN","08RyLPGmhPBZnzl0BqTqys","09JlpW0HFNzLzbubA3yyIJ","09exaEB51LfpDSNv7y5AUn","0aNXV5cIpMsp7JofTxNe/w","0aPvGDzFRMfp0dupvRD8RX","0aX9HHpQFJDKP1RsuUlu8W","0af16soQVBRray5mAuMxyJ","0cIB8WLJpBEY4SjxLg3/Bn","0cJdIjWTFH8r4jcyJF7B3a","0c3JlWc+ZN6oa0hQB4+9Dd","0dQQAT7nhLFLP4VOdjRd6l","0d9elUSW1GAJHI7N6sPsNW","0eUyMnwU9P85uVhidj+HID","0fZuVDW8pG76QEhE6G0chC","11d3IaY6tCULlfTYnZUnPJ","11w9CJSZJCnJQNgdAhGPxU","11xSVijfRPRKo/s7ZQNORE","12BChy1/FHLaynfcQPMt5o","12V1AiJQNI5pR8P1ZhNYLh","12Wsnwtr1PQbZmvfEUgNV5","13BsCisnBFJa/Xo0oyc2n1","13D6og69BJIoIeUHNkgRpA","13jM1KXHFCxYMBLBZm+DZ0","13nUrf4R5HQLVe6ASGAEPv","13qmsa21BNJI1Fi6XmMHOA","13r/ilNjRJoJK61EP7Cpav","137Nh0Eu1MrbP2RGqdkZJS","14PDlGE7VPLL37WzY+GK3/","14b16x+8hH67KFx9v9zT0x","14rTqlqmRH2Jloo6czmgmT","15sYIc+QZBYq6J9cinaAaT","15+YRBEcpK1bvygkgIITha","16B0LUxyFCHqpazaEh6MZt","16HRwaJ+5MLbtKVAIL5BPk","16l5vAeFRBTJteI9n3fvsJ","16qn4C5UJLK4qfccx9EAF7","16tPKKHT1ObpZJRZPDawND","17O30yx89NypgQ5g1MmyZ6","17SnGsDgdOGpeCW6JB+ITT","17mmXSDBZMHbBxQKYzUBXG","17ocBTHYRDD6TSTaimRPdz","177HKHqKJIEKpi3Xux/n75","19cEGC0jxIJoGhvQIOIikw","1aI8+EskNDv7gJhdwYRPPT","1aQManW0NPCqFI/YyLNByr","1apSQhAKlMxKZR8rWDw95X","1bogz25GBOY44iwViFGYeW","1dMV2TTTBGXr0avQYQVNHJ","1dfSb9CWlAd7DZVB7mfdqj","1eDmbqnHREH5vOj1SLsZRT","1eD7FJ+yZKPqrc6kG5Yh4y","1fwe9pHqpPwY5CjllCSwIk","21sLHf2+xOc55mopszCzul","22JeSv1+ZI1pwZsmJFyjCA","23M05gxEpAlKIFIrMEK9UJ","23dpb4XkNITJy80embjPPQ","24hlqN//BNu6Tt9mMWvCk5","25n3rVatJKCZW+3FgmeSTr","25ytvCbuxAy5sQVTtQK8EV","26Pq/Kl6VPJ56/at2sPbgs","26e+12a1RBdZ/PnIsyjFg1","26wroDz61NjYhbYA+mmZww","27Rnwp5qBBr6dAT10HlKJH","27UVzPyhRP75HPWC7YNtdA","27qWFGZGxPTYGnNAGuSJN6","273AnbVfBFsKh9LFlrYP9R","28R80rGBNOQrywuwqeG7SD","28eTuaQVRD0KgOTVPpC26B","28qBbvDvFNNLVrRGGMdQem","29TzvfxAVB2qOfOklddo1i","29c/hpyGpD56JMrfJ85JnR","29sLOjT/VGybS9rrSqj6+p","29zlzBTXxFho8er0GgLA/v","2aWJfUDftBRpwIPGeOTBMO","2aYHdCMY9JJJbEWxPdz4/m","2ba7psu/JFnbf3iO1ZWx9S","2biap2g+1Fh5rAItiqvkor","2bvN51t9lMfbwWGUTnhU4t","2cAuJXzLJP6KW5PTC/p9Bj","2cJxHbMStFu5RKBf+4NWMQ","2cb3g429hLvrB/tHlGoqLF","2cxstos8pBQZm3trKUF2Ke","2ehU4SVClD7KebCF/SeQ/G","2fCOPb7GxFa6n710d5x9PS","2fyXR/uAdMnbw33C2CKXUj","31Yp6sOrtBd69E/x/Aokg2","31g5apgnJLiKNwBmzj180H","32MR7z/pxBNJY+29zEgEDP","32SyudqLdPyIiPUh7CepBS","32qEbhmj5EtrXZRAgzFGbh","33KVY8eJBBWItKUGZ+W9uk","33x8D+FztDDL1NEqw2Es2u","34By+iT81O4K4MtBqtcWHg","34O5FTgS1I45OEGntr19/J","34Vr9TuKFLxali03chhxlf","358is/82pE7oDDJvWoQlAe","36A37kMGZME4N5DKrKJpVb","36BpB7vNRNBqMJUfb8DYZW","36VqEKVFpOYqHkp9VNWkee","360PimIfNGeYhtFDRcdJFc","37WhoodktHeoBqqxlJsPIC","376PpP0xZO/Ixnl6k6lRXK","39VSzfM5hDIpAlyGcwrsCa","3aSMH896VGkb63VnAqBk6p","3a5zekHEJCIZxcpZbMfVVD","3bj1Dnn9hHRrFhCvYJIvUZ","3bmOWeO8xO6pbZw23AWwfV","3bqSxcVqpD25aeYTT81sOu","3br3uDTctB252GLET4xMUX","3cZhk5GSlFSKKTlWE0UA/t","3cqSlbQUpH6KIVvidFX6/O","3dqgrYZ9ZD3qAAkPTEgNrp","3d0x7/C9FCeaP/C8y3MJdC","3eCUUNFytK7LE1g36bTkSv","3exIjY1PpB8L/k8sLyR+wC","3fGzDjabVBfZzKn+q2KnJZ","3ftXjJRA9OOrS2h6pA3Yl/","3f9KCRuNVJOrZTjyDBnSwQ","42AHFVOQNBpIiSs23K7uRi","42ny2MfA5DXpwkrJ8LRF6G","42u+sjgRhIcr7S7H8JF3U5","421AdRFwpKCqxgI/oLzkZ5","43YlmBmBhNe6Z3oQI4HWLc","433B8giGZFF7SL4t6w1Xa4","44i4CB205PP58P7EZRUggt","440K4m/CpFmrmN4n36k5Zw","45ChKSS9xGz7DcnnvQDXEH","45yXbVtx5DRIZqVwpud8Tv","46GFKHo/JPzKmdaizDQNPk","46JESpP65DIq7SNVUcLHd1","46KHJhWixJqJKJOPDSVYpa","46mk+OUrZFPbwnynB+TySG","46pG/++dNLqbkYLs/5cZDj","47Sp18ftBOMIG96Rxo+M/y","48H/wPMxRHC4cGBqlpDZqe","48H/yJWBpCALoVJFcxOUy8","48c7iy7eRMyI5FABqWmGMl","48hnDY0PJNO59ZeFehix34","49+MNWsDtMzYfNqB7P6AIo","4adcLtn2pPaq76YNRGPS30","4at4QKk8xIkafVOlpKAbC0","4bDMYtUF5CEaXxWxZMuhZw","4bP9T/iDRMO71Njze8lxnn","4b5/z0js5IVK5HB5QPWuYY","4c6R0TTwtKUIZnOZCcxjLx","4dWIrGLzdDaJUARqakHysJ","4dcl+07BFKrY1+OMe11lQE","4eUFGFibhANKQzKSx5HFhd","4ecXJ3IgdPnYMoHMZAO6LU","4e7LRL8nJNjLSfsYlvXvqp","4fkcujL5JNd7axsfJ0rnnj","4fmgKpGQ5Lk56q/Q3xsqgq","4f0PYjDRhLuJOpNqjXr6VA","50ingpSNhOlLAiGStGaiTT","52emLQNGpDBLXQrIXVf52E","52rEGwzaVDSZ128sZRbZui","53OpatCOFIgoQwqE3gOQt1","53kOYvXYhAUILi6gW2awKa","54IdeZBE1Jw6cqsMwEo1ic","55Nfu7FFtLN4wXY2hKle3o","55iGbFXjREDYUkNtpQ4mEs","56GY52W6VA6IXeeEcKAzlG","57JNGMxJROB7OzKyy8Yyu3","58QzVjr5JGmLw5kyt4UxEx","58qjXWEbdCPIqLAW/mfIXp","583UU33+hCWb6CQnZMX78Z","59AK0O9wVLipMmT6TZH2SY","59sMmK2IVH77K32NKjVUTN","59ygz2+jNIt7VSu2h+IEDR","598afFh5lCAL27KfmNN04O","5a6ZJ69uxF2qnqBzYt9K5z","5bUvIa3ghGh5bnLIrQAnDL","5dVWq9hl9Ij6oOs4UKnCUB","5fKv0H7N5P26gLfhTGT3IA","5fuJVsYc9PzYBNJXbEwwak","5f4z8SEcdIsoMC10BDgZJ6","60DfWygFlIirBM9ifGT2Ht","60ThwKaDdDNZMvioqqF2OM","60iwi5RM9IU6mXC1saaj5F","60qxuNt2ZKfrr1GZqKA5h8","60sPWThypMyoLwcr6Nn0zX","61QZs2qfpIUq5gfWuch5T1","61mcay91lCyIMcySq4OVMt","62DtsPBexC07XMR//c4yMt","63C3DWOCdMdZq2kgXGkf88","63Ncty33xJ0JFmUtBObTey","63Vnul73NCW6jMdQFE65dH","63kzQ4zZZFx5h/+jxIrMO5","64ToLTGFNGsJhUV/Lql+FS","64eWukJwlB9YsqHnHrhgVM","64vPkClZ1IuLqdpbqxGV3P","65DH+hiR1JQLvSeUkShPGj","66EWbYfRZEp7OwZC2ncNDM","67Pd2rntBJ0YfyoSxbGf84","68CRwPccxNE7g3Uxdnbyg3","69mCetw1ZN2L0/HkheP07G","692tQ5rV9HhK4RkQ3Ydif+","6aOTTj85pFDYrWC+ktP4Pm","6bOsluaQ1B+bzauKDVSfEO","6bqIqjRtlNy5/edomeSoy+","6brwNy70tOtphQZP2tB29F","6b6SewiiZL/buWdeOpTegY","6c8KaMG4NHpo1uNeE4K8LC","6dPYILLaVHX6BNL/LjXKa8","6dr4KX6FVEw6IMsJ2w5jDE","6duZO4K5FAcLKcLXpZ9UA7","6eIS00hVZHdYM+B4uC2UGw","6elz60dC5PrrEWEhiJ9Yow","6fG2ZRT1pBiJmX7EHRMBZB","6fV8hCaRBLipYoan2Y4pI8","6f2xoA6J9NAK9QSOAlAkwa","70TReb6tVB47tRPHL0MUZ/","70pTzm4Z5IrIl1flrJQSWr","7143+LF0JM97JnyzQYuH1n","72RtPGznJIPLX9kxAGw0Uo","72UblMFKVE743bRPsLQ+Dq","73nwWOWRdAXbZFtoXy8RHk","74FzibjshP8oklu24KrnbO","74Ptu9uw1FB5QxeBws0fur","75eMQRFPpGdrXbN97ebePO","76H7Kv0gRGmJuTinkknK5/","76k2PASWlM6qiOaqynDS5I","767UdgixFLTZYRUXvJztQ7","77wbAKllVN2ptOaZoRE+R8","78QIWSCDFGHpyjlQbRswfj","7aUcjgCstEQJn91Hp1Mkw1","7aq0b2uNxOeqBo/HHPWTDx","7axycIgYRECZmqux1r1M6a","7a+QlYNylHv6lQBHmfePCa","7a/QZLET9IDreTiBfRn2PD","7bEpNJ1iJG2bIaxdLGayei","7bk3jNBkRIk4Wcpf+0hKc4","7b0fcaMbRP1qNZ524C0eTq","7b6Q0QE81Hwqq3oq+57jnB","7b91DaVLdH9qwifS7MeCdZ","7cMhhWhbNI3qS1ELkI7xAm","7dNYhW35hIj4VnncvHN1Ji","7f+DC2oJhI36cI7TETAWjL","80FOs8VtlGw4k7GFPh4jQ6","80Nq31jFVMrJ2YT92jUhTL","80X3K2p4tGFKGX6/QjsKGN","80rtryulBIfqRSLhEtbzM4","801jeNjvdPU7pFzKC4Plbw","81UcykM3BEf7ne1hh+UXg4","81jp6tCQVCZYqQRk++5QIJ","81u0jXDPJAKaE2/kkv1ZIj","82A6asVmhAl78kooOXixmg","825u8ALntD7YsUAwv2GbH9","83AihryvBE2aJNGQWGIW1s","83DdyW14dP+bNLz4HcxRuW","83TyZjvylJua68eO1hiMOd","83aqR4dKRBs4oXjXwR349d","84umartdFHPbzcgEjAFG45","84/7+EC75CJIY38UkU8MFn","85n2di/9ZLaKArD5S5ajv5","8571ylcoJBb7H9I3iRKte2","859YyizTRDlbxUZYKKZKlz","87xXOd7U9MRZ3VfSUz99bZ","88G53klh5CkYf4ockBf5Su","88e4ojaCdCYr5CUc6JShoM","889PXzD7VP9au/q/c1nbqg","89dS+dSsJGo6QmvHh7dLui","89oi1W/rlOJY9mr03Y+AOO","89vOBOWIJNS4ff17zNbn0O","8aGwJfX0FMwbo98vEEU7Z/","8a7JIr6mdFf5ST5zjut7PC","8bEdv7ooRArpEq1wcfFobo","8b1sLWCZdBmpY3O1DH4Hyg","8cAbfsKdtJ1qcIdQIKLHCI","8cUTZkEY9IH5KBWpcZPYyP","8cl+EuTFhPZL7aWIWj71aw","8c+oK5VwdE4YXq51HVYmkY","8de4HS/B1EpqVLtWj88Jv3","8do59DEkJLuZzNv4ifptii","8eGv/uCihBCaxaZQS0ahhV","8eWvvCmPlL8oOQZ4wR7dO9","8e7YQB6apHZ6eNOMmw7cgG","90DgbAtmJHVZu06ZmNz2ln","90kc9HaE9O7rOm/i+7LWHG","901pkDrJBJQ7Qa0I72y2/8","91HuuuLfpBgZ6Jda5QTcD2","91t0/cjLRKI5SO7l6FyYkw","92FDq3TDBIXY38C/JlPCBx","92+6XniStM/7HTa+zsna6U","93FTV/9GROmbFmHTAwKjH3","93NhzuyvpOu6/XqTwofTh0","94M4kxpchG3Zkd3YdWXg2G","94OQ/xVBNHyZ3QLVBwQTf8","94YqMm/GpM4JWweUCd26Ho","950c/0kp5Bm5UaGXeqDl5J","959C9scZdNuJuD43bPEOIj","96LXxFFT9EaY0gkeTkx4RI","96mqR7BgFN/pzNKRfhwP6W","97q/CpIl5IDZ5ux2ALY/d4","979wlq1gFGzamEmPDxyCnP","98G/Sl1b5LL6Ey3Jz93u9P","98N8518d9MNKD8UbOdsPHA","98PdwUnfNBt7HkIzQ7sm+4","98TSsqxMpNu54FEjZCKmE3","98vN2ny25Dd5zBC6FP2NsV","99LLUKoxxP27LN9A8y30+v","99TK1VA7RNr71Mh1RVDJXs","999DEg2rtHOruFb003jstT","9ajfGmBWVBu6WzJCTIelFG","9bhvotbIlF04G3m1VfSWNs","9crQNOIdxOS5HL/ZkOtSKf","9dR1YfE7hCcpvO+H4M1ouW","9dgLXu7DlNKKWS2gHbp6/o","9drEaKQsVGZqS+1neXte8g","9eJhRoP8FLq6iHuQAHgmWX","9eTOQ9SFxGupzOm+guO2QF","9eUlXPQp9ImKnjpAJAX8Ul","9e5/8thZRNlqrcdODGIEam","9fH1kw4QJLBIJzAub+5j6R","9fPLNuDPVIjIf3yS8rKoS/","a0uI6fGAZIgruYnmS2ilAi","a1WrSCxfFF86AgZBHwx/JT","a2MjXRFdtLlYQ5ouAFv/+R","a2cJus4NBO6oQb72c4+gxT","a216e+GfBAGbNHrjR6l3NH","a3aFDgANlJFKG+fqoZy2WY","a4DLc6LjdDl5RL9GNcmavQ","a4NYWYdUZEzLULQ+G6K59W","a5c4fqFv1Em43KJOVm9SvP","a5xLPhxfpBuYTqO7M3AbN1","a6nhaKadNJurhCfxMxxXWb","a8SxmbxedGvJTQEnYSzdBq","a8iWrtq+9Ge5S1JZihAzYU","a8mX2HayhKqp5+1djirjq2","a9Mfq0OgBHM7WtXqxBZc83","a9SOFUtblNZK4uKSFkGioH","a9shNw8/ZLdaOjyWsOJvqE","a98ivp7YhKNKWMF8NH6hHx","aatE3Ytx1Gdo3kWopoLAh6","aay47NDxtBbquYG3ciSjT2","abztkbPgtHT7cp5Gq51aEK","ab9vbB5WZHua8hyFmNDH8g","acgeh6fYlNGbHBhLMWkdLo","adAe/cWsJCLbO0ZsT6Ymrc","adBe6XUvlO4YS14VRx9nOb","adht64nn9Dn7IKpqRy96fy","adiRyRWIdEVId3F/nlgrvd","aeKgMuf15O96/KEryGpwXo","aeNAatZSBKHZRi5kanc+EJ","aeq5tM1B9LPrb83/2c77h1","aeujSBX7hDupv4xdBBQgna","afDEkFiJNJr5P0faSLUi34","afQN1vQi9G4Igzb8qoIL1S","afVu3DfqRJDakhNbZhx3DH","af9bafs6ROsqTRUN2f6W5y","b0QFnKYI1LpJgK/dE0Fra7","b1SPVp2E1Kr61d2bJdssx0","b1VzpxEYJD46qDiY2eHnht","b1oCdBk9lO0plITaFWYbsL","b1vxAmlU1KdrQhOgyS+0Pw","b10/3gUEBPoItMbfTJrCS9","b3gRXZZX5F4JAUvpaKoMCF","b3p8zdKPNEubxhp8MTVOql","b4WL/Eg4RJHplnktc7CqLG","b5ZhN/maFHoZ38eCANoh13","b6Mo+jB3VFBLmqUFhyD7fR","b7V9Gs759Bg7goETex0Mr3","b7aceBbg9KfpI0BFM3oyw7","b7fJKnimpL5KSYezIE9fzn","b7i3mhapFFXI66LTp7fsZP","b88lLObc1Fm4gAx1Ho9UM4","b9XOa5UahK7ILcdR+BuIMO","b99DUE6oJNCbbRV0JC8T8k","baDwsLtXxB+JVZbgZGsqZA","baq9CgiydL46v0xL9PU3Vp","bbD2KrQPxPsZr68jE9LumO","bbFAxkuRBH26oNcJpYtRS8","bbYd7R6HdOIaPmpnQfgurq","bbl3Oy0yxJArQV6JtAf1G1","bcqtxvFVJNl6PDUi3cpJuI","bc3b0eg2BF6JhLmAcf24Je","bdQQTlHOBDVZrbwkoRBq7F","bd8Q064p5LIqfK5VPPt5OY","beAzOk0cNG4r6xulsjjSLo","beZjIURrtKoLZXL8wwxYws","benV46FnVOPJBGG2RP+21V","bexfy8dPpI45n4lEeICF5t","bfacni/F5Cxp0gbr/XIIow","bf4guabDlCYLm1GKTDN+nW","c0IVycmo5PfpLl2LmE3T3i","c0Jq2R+6VFJ6bs1iHw6kRp","c0X8nhwX1He5aRtqBBoapr","c0k1nQp8xJAKqlgozrSXcg","c0q6bIC3ZGDKARIVfkex9+","c07NVY9AZLspjlKx3nFmlX","c1GDx3zUBFRLOxi6KYr7NQ","c1zZRoAzZFsoAWHErlPj0h","c2IqXC5vRI/744VlHjU5ME","c2n1IWiPZB7YyxU1u+rkld","c26uTJkqRP7I9lEKXuiGww","c3ETIWZtVI0q/+BU+b06XK","c3d8C1FGpDoLi6ZvHYM25E","c4I6NG+VlDk60Fi9qgvwmD","c4v77yS/VPwaxEPbWTZFbM","c5QKFS/JJIgrC2bwSWl0+3","c5qN/6dFBBx4uFdMn3mFYW","c5xkx1Va9OU7lBx0fCHB1G","c77v4YdftH1Ju0R0toanS5","c80jqPgilJXb/sJOGHFX9g","c9OrcsO5dLvYg4YO6W541Z","c94KfPj49HIrYNr6c1D6mK","caOd0e169D05Xg8BeHvwj2","caQDON1mFI+btY/+4hQfXv","caWlga9bdKT4krfNWwJPWm","cbTDquZMNFxKi4jexwl2Tr","cbw1uP7gpBX4VZWDiIO5Ww","cb3kddU6ZMgYmdt28lH6n8","cb8kpZn9RH9oYuQuzEGTdH","cb85BDGz1OdIWVVmj4+H6Y","ccaptbOVNMmZw3LhZeWI3d","cchex9B1xPAJ5ZPYabiLob","cdIyKUXBBExaasdrF0dcxq","cdbPNeHGZE7KP2c3IdU2/x","cdgzJUqRZIJ75/3QgnqTOS","cdwLoe8I9NEq+LjfpypJJx","cd8GfzgF1BnYrJrWNNidxM","cfh4pN/c5BJ61pmDFPDvvI","d0Z5U02V5PJ55MlMhFwOGC","d0vFlaog1NiISefKQwUFjf","d1HoiR3fFCMqJoCuFdkAN/","d1ImmlyIhM/JszPwXHHPcP","d1POOntzJPDaPB22ZiTQ7N","d1U5e5naNP1K5yZExa2xFB","d1s9+MrihIG4gAQaY5ammM","d2wH8WPqJGV52ri5pvpBoB","d3+vm/b91J5JalVYp4q6bO","d4clnhkwpH5L/WreXkYtTI","d4vJp2HMVMTrIXoWs5fiDH","d6hhHhmgVH0qewqkkaOBlN","d6qLc27YxCurj2urjQNNvs","d7J6r7tudGEpns5mywuLOy","d8lDcf8rBPQKDjbm8bK0Cm","d8sxPOG/RHQYu4H8QNR7H/","d8veAj/cRJj6ni/mrtbRjN","d9yFgOpMFKUZ7XJRqKV2Ih","da9Y0bP9tEiJ1wjJI6+lPA","dbALVbRfJPe5GVxpwZGO5o","dbd3J7g35JpI1Iz1ILtIuu","dbhgQ1o7RFz75IsuMQ8K68","dcJaCcyf9P6Lp5pF1N72GF","dcnNazGFJKmITcWSKaJlt5","dc7/JxeExOEqP1pjKYef6/","ddG8LuS0hF2rKmWe4rbaW1","ddKHu5oEJDLa1JA38tfQnG","ddhEI7emhBG4b+IXALeiNp","dd/Mj7uRVIwJLACZ5jsC1P","dedFBnmLdM7LWshnGUHd7m","depFTLVh9Nt6xQm2x/CSbO","dfuBLCCFFJjasZDQ2qOoAz","df9g3OxZJHUJPFmvJBw5s+","e0F8hT2sdMYoBmos9Xyn5n","e0LgLBkg5PZ4oxANIQgV84","e0ue/+Qh1NEZKLsyuGER8G","e0zCP4qNZKr6lJjjDQeCNq","e1SUk39LtDa6cH8P0Q7g/J","e1dkb64DJDvKX+LNwsmoCn","e1sXdTN4FOfLJaXid9N9hI","e1tOzhK1FKe7kzK4ruHSmH","e2V3TfwLpGwpIHXO4Ep9Sy","e2eP4HYupE379q7BpRU3QB","e2xfORErhEp5/SQNoAlt52","e4OgJNcDlLVa2nTHtrJqrD","e4UD1I3zhGNZTbBl2Y2WS4","e4hPkDlURHeKoYGirB94O3","e4yxAKGOVKUI73iwe3p5mO","e44yh57tpAHpHmc0XO654y","e5NuwefVxK35GDPt8pd+EG","e5VPbj+8FN2Km+GHH3eoSb","e6jo/Xjh5BhaYgYE4COKyl","e6uKmyzJBHvZm8w9HqvoqJ","e62fMs0V9AVKhyLXBt4Su7","e7t3oLfc9JqoTKNlj28Ppt","e8dnaYf71AZJYnZsWgBQzi","eaGQBUoUhIr5Xd8KhdLmLq","eaiZQrsvBAo7VeR6n8Zq6Y","ea6m24CFJI2KHDiaLEMV1d","ebLCCxq6hP9KEVBBQ6vgwM","ebOUWcMTpCfrAJKGLpgUGB","ebgrZJIIRE6aEI4v7XaDPW","ecpdLyjvZBwrvm+cedCcQy","ecuo8G3vBFdIrNT0tDFhyj","ec0HGujXFCJYPmyZOxQLrG","edwrYVBqBB7aPLyHuDUP+y","eec+QP0GNFa7eorcKsGpTE","efp7BDgJtLYYxhn+wt+0s6","efw0nJBExBb5Q+E4foi6Nl","f0PAxIyldJMLFqxJrgz9oU","f1vU7+BApIpaYKaAD6g+B/","f1vl3hG+5BjrPnLMvMQ0ge","f10DDMmHxBDKPrc6gVzxAe","f3AgBPcG9JfpEyWztBfK9X","f3SbiAVnxNV5UvHDHFy/iQ","f3iiH4PYlEs67QLQ1BEfTz","f4LEJ1X2dLyKZCmQd4io1K","f4WUJPcc1PJaBYYwNF8pT1","f4rWISmgRJwrPhpP9khg0t","f4+fRLBwdAeY96ajJTOZhd","f5QGxU8rdES6hz/YzrROgt","f5lny3GEBO0bm//e8oD2Li","f522tJf8NA4LMlg296sV38","f6L22clnFINqvA9t23Mhtg","f6Q3T42JBIP75G9qiDR8mq","f6d+ialXBKTaS+FdfYHtIg","f7g6P2uP5J+49yteYPRH+I","f8lkG1HwRD+ZplqoxhoIUn","f9AzzJVA1ELYnQO1xlc0hy","f9wvO7cItDurkEg5wHXjlZ","f98aAhaTxEVqgC++pEFOvO","faBT5DfZlMI7yYPzBu22MQ","fa8EN8O0dAo4xXGF4ZSuHl","fbZ4srCk1FJJZLHtMhgeKs","fbhfEjs0JLbJBmnvEerWcJ","fbiqRaVThPX7ZEs9QAxkXH","fbnCZw5phBjqmcE5JhHS06","fbun5WtyZMW4R7M8o4hE/O","fb9hgNVVRMzK5z8AFARo9z","fcNPuFywRG+6MURAn5vlSt","fcP30fQhZFTbc2LKtjgqZR","fd3QgrlixPepnBwKU8El8t","feLtbuXi9Pk70xusIAIKZY","ffwAOYn05PiJmm6leXspou"],"scenes":{},"redirect":[127,0,371,0,626,0],"deps":["internal"],"packs":{"02d538f6d":[136,137,155,183,233,248,251,261,267,317,340,350,374,380,388,406,434,492,501,511,579,597,617,113],"0355b1b3c":[194,238,252,386,420,648],"03e593b0b":[128,130,141,150,160,189,211,216,217,220,223,224,226,229,83,236,245,256,257,270,274,280,281,284,290,299,301,304,309,315,324,339,353,355,375,376,378,412,417,444,451,457,472,474,490,500,513,517,519,530,572,583,588,590,593,598,620,636,645,659],"040fd235a":[123,125,142,145,153,154,162,168,169,173,174,178,181,190,193,198,200,215,218,228,230,240,246,255,258,260,268,269,272,275,282,283,291,292,303,308,312,316,330,331,334,341,345,346,348,351,92,358,366,370,379,392,395,397,401,414,415,419,425,426,428,435,445,447,454,455,458,463,469,471,480,489,503,504,508,514,515,523,526,527,531,533,534,535,536,538,540,541,548,550,555,562,570,576,587,591,592,600,602,608,613,614,623,625,635,638,644,647,649,662,665],"04490f578":[175,192,79,311,443,571,574,599,615],"044f029c3":[242,277,326,95,453,560],"048dfa4bc":[237,342,487,491,532,545,630],"055e700a5":[129,213,338,496,569,603],"061c4a244":[133,180,207,273,293,302,305,332,335,343,360,365,373,398,409,100,466,473,482,484,505,512,559,568,618,633,637,651,655],"063e42977":[135,143,146,149,199,204,222,329,364,413,465,107,524,542,544,557,610,624,628,664],"0657fefc1":[134,197,209,231,239,357,385,405,421,497,498,506,510,539,581,611,619,642,650,657],"066ad8150":[172,191,208,214,91,507,656],"06c137570":[148,176,179,76,196,266,318,328,356,359,361,394,439,468,488,553,561,573,606],"06de0362b":[120,140,170,219,297,323,97,389,410,479,549,554,621,663],"0791cbe93":[72,171,203,263,336,347,349,377,381,383,422,430,478,520,552,596,622,632,661],"07e99495a":[164,186,221,264,399,470,643],"097e35b35":[147,152,167,206,250,294,298,300,319,322,333,384,407,433,446,448,452,477,516,518,529,563,566,605,607,627,646,117,658,667],"0986374a8":[77,96],"0ac7fc75e":[205,418,99],"0ac88c43f":[82,9,10,13,15,16,18,86,21,23,25,26,29,30,35,36,37,42,44,45,48,102,54,55,58,60,61,64,67,115,119],"0b7c9bd0e":[138,139,156,157,158,161,165,187,188,227,249,253,262,271,276,278,288,296,306,310,314,320,325,363,369,372,390,391,393,396,402,442,449,450,462,464,475,476,481,485,486,105,521,537,543,547,556,577,578,580,584,589,601,612,616,629,631,634,641,652],"0c45aa040":[121,124,132,144,151,166,177,182,184,195,202,234,235,243,254,259,265,279,285,295,307,313,321,327,352,367,368,382,387,403,404,411,416,424,427,429,438,440,441,456,461,483,493,494,499,522,528,551,558,564,565,567,575,582,585,594,595,112,609,639,640,653,654,666],"0ca61a915":[289,546],"0d506e1a4":[344,104,660],"0d7a4a8f3":[509,586,118],"0e2f91f41":[122,126,131,159,163,210,212,232,241,244,247,286,287,337,354,362,408,432,436,437,495,502,525]},"name":"resources","importBase":"import","nativeBase":"native","debug":false,"isZip":false,"encrypted":false,"versions":{"import":[0,"5a312","02d538f6d","2fe36","0355b1b3c","156df","03e593b0b","9c1a2","040fd235a","96ee5","04490f578","6335a",1,"77019","044f029c3","731ca","048dfa4bc","01dbf",2,"0bf13",70,"d4a02","055e700a5","514a7","061c4a244","702dd","063e42977","8a10d","0657fefc1","fdc3b","066ad8150","2c274","06c137570","bd98d","06de0362b","b0ccb",3,"a5fe4","0791cbe93","8a54c","07e99495a","f2319","097e35b35","12303","0986374a8","02679",4,"df52e","0ac7fc75e","d017d","0ac88c43f","4d93f","0b7c9bd0e","7f1c0","0c45aa040","87aa4","0ca61a915","11468","0d506e1a4","e2637","0d7a4a8f3","e1ab7","0e2f91f41","0aac2",71,"6affc",5,"43d30",73,"2675c",185,"a8c07",6,"a60ab",74,"40e5b",75,"35282",7,"9ed6b",78,"a1d88",201,"3c913",8,"0023b",80,"27e74",81,"7ff53",225,"047ae",84,"7a27f",85,"98e3f",11,"d6e3d",12,"f72c8",14,"f8537",17,"13f74",19,"0675d",87,"7aa08",20,"285c9",88,"f3fd9",89,"d320f",22,"f89b3",90,"e5241",24,"6477b",27,"d19d5",28,"a5fc5",31,"164f9",32,"84b80",93,"d5f05",33,"e4890",94,"03938",34,"cb178",38,"07828",400,"73ff9",39,"12276",40,"c381e",423,"f1c09",98,"d9b25",41,"f0f26",431,"4d2d9",43,"d0fae",101,"4c99a",46,"ebfb1",47,"9ae45",459,"43d76",460,"a55a2",467,"78fed",49,"18169",103,"a8e37",50,"9a41c",106,"9a48a",51,"09d25",52,"67aaf",108,"7e5f5",53,"08689",109,"d48d2",56,"9b30c",57,"a6af0",59,"55639",110,"dbae3",111,"52fb9",62,"fc32a",604,"70a4e",63,"9b6d6",65,"a5470",66,"9fca8",68,"e9268",114,"8de24",69,"e2df3",116,"7982b"],"native":[0,"2d00d",1,"850ba",2,"10ce1",3,"b7820",4,"5d132",5,"c9523",6,"20acf",7,"3c440",8,"01fa4",82,"ffda7",9,"80711",10,"263c9",11,"9dd7a",12,"3f973",13,"aed9c",14,"e0c64",15,"19fa4",16,"98763",17,"480b3",18,"c382f",19,"d12f1",86,"65d8d",20,"56f67",21,"d7d48",22,"3bae8",23,"2caa8",24,"c101d",25,"1758e",26,"568d1",27,"a9cbc",28,"c8b4a",29,"e2e6f",30,"2198d",31,"90f05",32,"51d55",33,"7e65f",34,"27e96",35,"ee125",36,"b156e",37,"2f3a0",38,"9326e",39,"97ba5",40,"c9523",41,"6bf3f",42,"4802d",43,"fc490",44,"fd0dc",45,"a0742",46,"0183d",47,"b2981",48,"0d877",49,"08675",102,"cea68",50,"0526a",51,"27e96",52,"ffd8c",53,"a2b83",54,"9f1b1",55,"14905",56,"0fe7d",57,"a41c0",58,"a7ba4",59,"8aaf1",60,"761f3",61,"4c795",62,"7b879",63,"20a23",64,"7ff70",65,"f0581",66,"df35a",67,"caba0",68,"f27dc",69,"0183d",115,"cff20",119,"3e69c"]}}