[1,["6b8I1ndNpPSqxfQvrB6Yvb"],0,[["sp.SkeletonData",["_name","_atlasText","textureNames","_skeletonJson","textures"],-1,3]],[[0,0,1,2,3,4,5]],[[0,"start","\nstart.png\nsize: 128,86\nformat: RGBA8888\nfilter: Linear,Linear\nrepeat: none\nbutton\n  rotate: false\n  xy: 2, 43\n  size: 124, 41\n  orig: 124, 44\n  offset: 0, 3\n  index: -1\nlight\n  rotate: false\n  xy: 2, 2\n  size: 122, 39\n  orig: 122, 39\n  offset: 0, 0\n  index: -1\n",["start.png"],{"skeleton":{"hash":"uuz1oFHuXu5W2lvMlv60vOJNLkw","spine":"3.8.75","x":-62,"y":-22,"width":124,"height":44,"images":"","audio":""},"bones":[{"name":"root"},{"name":"bone","parent":"root","length":65.26,"rotation":90},{"name":"bone2","parent":"root","length":65.26,"rotation":90},{"name":"bone3","parent":"root","length":65.26,"rotation":90}],"slots":[{"name":"light2","bone":"bone2","attachment":"light","blend":"additive"},{"name":"button","bone":"root","attachment":"button"},{"name":"light","bone":"bone","attachment":"light","blend":"additive"},{"name":"light3","bone":"bone3","attachment":"light","blend":"additive"}],"skins":[{"name":"default","attachments":{"light":{"light":{"x":1.3,"rotation":-90,"width":122,"height":39}},"light2":{"light":{"x":1.3,"rotation":-90,"width":122,"height":39}},"light3":{"light":{"x":1.3,"rotation":-90,"width":122,"height":39}},"button":{"button":{"width":124,"height":44}}}}],"animations":{"animation":{"slots":{"light3":{"color":[{"color":"ffffff00"},{"time":1.5,"color":"ffee8294"},{"time":3,"color":"ffffff00"}]},"light":{"color":[{"color":"ffffff00"},{"time":1.5,"color":"ff8f00ff"},{"time":3,"color":"ffffff00"}]},"light2":{"color":[{"color":"ffffff00"},{"time":0.5,"color":"ffffff00"},{"time":1.5,"color":"ff8f00ff"},{"time":3,"color":"ffffff00"}]}},"bones":{"bone":{"scale":[{},{"time":1.5,"x":1.045,"y":1.032},{"time":3}]},"bone2":{"scale":[{"x":0.93,"y":0.976,"curve":"stepped"},{"time":0.5,"x":0.93,"y":0.976},{"time":1.5,"x":0.985,"y":0.998},{"time":3}]},"bone3":{"translate":[{"y":0.61}],"scale":[{},{"time":1.5,"x":0.957,"y":0.987},{"time":3}]}}}}},[0]]],0,0,[0],[-1],[0]]