[1,["41Nqkcc5RL1a2dO0ltC1cm"],["_textureSetter"],["cc.SpriteFrame"],0,[[[{"name":"65","rect":[894,2,250,114],"offset":[1,-5],"originalSize":[252,124],"rotated":1,"capInsets":[181,82,21,25]}],[0],0,[0],[0],[0]],[[{"name":"71-1","rect":[157,873,230,97],"offset":[0,0],"originalSize":[230,97],"capInsets":[0,0,0,0]}],[0],0,[0],[0],[0]],[[{"name":"16","rect":[669,72,82,82],"offset":[0,0],"originalSize":[82,84],"capInsets":[0,0,0,0]}],[0],0,[0],[0],[0]],[[{"name":"2","rect":[1010,2,147,9],"offset":[0,0],"originalSize":[147,9],"rotated":1,"capInsets":[0,6,0,1]}],[0],0,[0],[0],[0]],[[{"name":"14","rect":[2,619,45,355],"offset":[0,0],"originalSize":[45,355],"capInsets":[0,0,0,0]}],[0],0,[0],[0],[0]],[[{"name":"30","rect":[745,277,30,30],"offset":[0,0],"originalSize":[30,30],"capInsets":[0,0,0,0]}],[0],0,[0],[0],[0]]]]