[1,["deSO7e9QxA+r+TvaHaPRgT","8eWvvCmPlL8oOQZ4wR7dO9","a0uI6fGAZIgruYnmS2ilAi","bbFAxkuRBH26oNcJpYtRS8","eaGQBUoUhIr5Xd8KhdLmLq","34Vr9TuKFLxali03chhxlf","dedFBnmLdM7LWshnGUHd7m","3aSMH896VGkb63VnAqBk6p","2ehU4SVClD7KebCF/SeQ/G","57JNGMxJROB7OzKyy8Yyu3","32MR7z/pxBNJY+29zEgEDP","bd8Q064p5LIqfK5VPPt5OY","f10DDMmHxBDKPrc6gVzxAe","2aYHdCMY9JJJbEWxPdz4/m","9eJhRoP8FLq6iHuQAHgmWX","d3+vm/b91J5JalVYp4q6bO","5fKv0H7N5P26gLfhTGT3IA","29TzvfxAVB2qOfOklddo1i","dc7/JxeExOEqP1pjKYef6/","46pG/++dNLqbkYLs/5cZDj","6aOTTj85pFDYrWC+ktP4Pm","4adcLtn2pPaq76YNRGPS30","59sMmK2IVH77K32NKjVUTN","8cl+EuTFhPZL7aWIWj71aw","08Rr0/JHZPjLvH+YF+eWQN","7b6Q0QE81Hwqq3oq+57jnB","55Nfu7FFtLN4wXY2hKle3o","49+MNWsDtMzYfNqB7P6AIo","03zzdWbT1Jo5eJPN3cfeQY","2cxstos8pBQZm3trKUF2Ke","dbALVbRfJPe5GVxpwZGO5o","12V1AiJQNI5pR8P1ZhNYLh","3fGzDjabVBfZzKn+q2KnJZ","7143+LF0JM97JnyzQYuH1n","7b91DaVLdH9qwifS7MeCdZ","7dNYhW35hIj4VnncvHN1Ji","b4WL/Eg4RJHplnktc7CqLG","0cJdIjWTFH8r4jcyJF7B3a","2cAuJXzLJP6KW5PTC/p9Bj","fbiqRaVThPX7ZEs9QAxkXH","70TReb6tVB47tRPHL0MUZ/","bc3b0eg2BF6JhLmAcf24Je","a98ivp7YhKNKWMF8NH6hHx","2ba7psu/JFnbf3iO1ZWx9S","4ecXJ3IgdPnYMoHMZAO6LU","02e5rNRBxAXYEJP4OIDJ5P","afVu3DfqRJDakhNbZhx3DH","f5lny3GEBO0bm//e8oD2Li","3exIjY1PpB8L/k8sLyR+wC","4bP9T/iDRMO71Njze8lxnn","1dMV2TTTBGXr0avQYQVNHJ","ddKHu5oEJDLa1JA38tfQnG","61mcay91lCyIMcySq4OVMt","e0LgLBkg5PZ4oxANIQgV84","999DEg2rtHOruFb003jstT","53kOYvXYhAUILi6gW2awKa","2fyXR/uAdMnbw33C2CKXUj","46GFKHo/JPzKmdaizDQNPk","c0q6bIC3ZGDKARIVfkex9+","a9SOFUtblNZK4uKSFkGioH","2fCOPb7GxFa6n710d5x9PS"],["_textureSetter","1","2","3","4","5","6","7","8","9","10","11","12","13","14","15","16","17","18","19","20","21","22","23","24","25","26","27","28","29","30","31","32","33","34","35","36","37","38","39","40","41","42","43","44","45","46","47","48","49","50","51","52","53","54","55","56","57","58","59","60"],["cc.SpriteFrame",["cc.SpriteAtlas",["_name","_spriteFrames"],2,11]],[[1,0,1,2]],[[[{"name":"45","rect":[434,405,64,27],"offset":[0,0],"originalSize":[64,27],"capInsets":[0,0,0,0]}],[0],0,[0],[0],[0]],[[{"name":"28","rect":[263,165,37,32],"offset":[0,0],"originalSize":[37,32],"rotated":1,"capInsets":[8,3,3,3]}],[0],0,[0],[0],[0]],[[{"name":"24","rect":[261,636,36,36],"offset":[0,0],"originalSize":[36,36],"capInsets":[0,0,0,0]}],[0],0,[0],[0],[0]],[[{"name":"37","rect":[2,412,113,107],"offset":[0,0],"originalSize":[113,107],"capInsets":[0,0,0,0]}],[0],0,[0],[0],[0]],[[{"name":"31","rect":[2,579,50,48],"offset":[0,0],"originalSize":[50,48],"capInsets":[0,0,0,0]}],[0],0,[0],[0],[0]],[[{"name":"50","rect":[178,323,114,39],"offset":[0,0],"originalSize":[114,39],"capInsets":[0,0,0,0]}],[0],0,[0],[0],[0]],[[{"name":"17","rect":[277,523,58,60],"offset":[0,0],"originalSize":[58,60],"rotated":1,"capInsets":[0,0,0,0]}],[0],0,[0],[0],[0]],[[{"name":"13","rect":[211,546,58,59],"offset":[0,0],"originalSize":[58,59],"rotated":1,"capInsets":[0,0,0,0]}],[0],0,[0],[0],[0]],[[{"name":"43","rect":[117,412,64,27],"offset":[0,0],"originalSize":[64,27],"rotated":1,"capInsets":[0,0,0,0]}],[0],0,[0],[0],[0]],[[{"name":"38","rect":[2,300,110,149],"offset":[0,0],"originalSize":[110,149],"rotated":1,"capInsets":[0,0,0,0]}],[0],0,[0],[0],[0]],[[{"name":"29","rect":[272,583,51,51],"offset":[0,0],"originalSize":[51,51],"capInsets":[0,0,0,0]}],[0],0,[0],[0],[0]],[[{"name":"8","rect":[2,714,44,36],"offset":[0,0],"originalSize":[44,36],"capInsets":[0,0,0,0]}],[0],0,[0],[0],[0]],[[{"name":"56","rect":[153,327,18,15],"offset":[0,0],"originalSize":[18,15],"capInsets":[0,0,0,0]}],[0],0,[0],[0],[0]],[[{"name":"10","rect":[325,617,42,42],"offset":[0,0],"originalSize":[42,42],"capInsets":[0,0,0,0]}],[0],0,[0],[0],[0]],[[[0,"common_2.plist",[{},"1",6,0,"2",6,1,"3",6,2,"4",6,3,"5",6,4,"6",6,5,"7",6,6,"8",6,7,"9",6,8,"10",6,9,"11",6,10,"12",6,11,"13",6,12,"14",6,13,"15",6,14,"16",6,15,"17",6,16,"18",6,17,"19",6,18,"20",6,19,"21",6,20,"22",6,21,"23",6,22,"24",6,23,"25",6,24,"26",6,25,"27",6,26,"28",6,27,"29",6,28,"30",6,29,"31",6,30,"32",6,31,"33",6,32,"34",6,33,"35",6,34,"36",6,35,"37",6,36,"38",6,37,"39",6,38,"40",6,39,"41",6,40,"42",6,41,"43",6,42,"44",6,43,"45",6,44,"46",6,45,"47",6,46,"48",6,47,"49",6,48,"50",6,49,"51",6,50,"52",6,51,"53",6,52,"54",6,53,"55",6,54,"56",6,55,"57",6,56,"58",6,57,"59",6,58,"60",6,59]]],0,0,[0,0,0,0,0,0,0,0,0,0,0,0,0,0,0,0,0,0,0,0,0,0,0,0,0,0,0,0,0,0,0,0,0,0,0,0,0,0,0,0,0,0,0,0,0,0,0,0,0,0,0,0,0,0,0,0,0,0,0,0],[1,2,3,4,5,6,7,8,9,10,11,12,13,14,15,16,17,18,19,20,21,22,23,24,25,26,27,28,29,30,31,32,33,34,35,36,37,38,39,40,41,42,43,44,45,46,47,48,49,50,51,52,53,54,55,56,57,58,59,60],[1,2,3,4,5,6,7,8,9,10,11,12,13,14,15,16,17,18,19,20,21,22,23,24,25,26,27,28,29,30,31,32,33,34,35,36,37,38,39,40,41,42,43,44,45,46,47,48,49,50,51,52,53,54,55,56,57,58,59,60]],[[{"name":"5","rect":[153,364,130,130],"offset":[0,0],"originalSize":[130,130],"capInsets":[0,0,0,0]}],[0],0,[0],[0],[0]],[[{"name":"7","rect":[434,317,57,70],"offset":[0,0],"originalSize":[57,70],"rotated":1,"capInsets":[0,0,0,0]}],[0],0,[0],[0],[0]],[[{"name":"48","rect":[442,45,65,93],"offset":[0,0],"originalSize":[65,93],"capInsets":[0,0,0,0]}],[0],0,[0],[0],[0]],[[{"name":"32","rect":[212,496,63,48],"offset":[0,0],"originalSize":[63,48],"capInsets":[0,0,0,0]}],[0],0,[0],[0],[0]],[[{"name":"57","rect":[153,300,25,23],"offset":[0,0],"originalSize":[25,23],"rotated":1,"capInsets":[0,0,0,0]}],[0],0,[0],[0],[0]],[[{"name":"19","rect":[117,554,45,51],"offset":[0,0],"originalSize":[45,51],"rotated":1,"capInsets":[15,15,10,14]}],[0],0,[0],[0],[0]],[[{"name":"27","rect":[105,651,48,36],"offset":[0,0],"originalSize":[48,36],"capInsets":[0,0,0,0]}],[0],0,[0],[0],[0]],[[{"name":"21","rect":[168,601,40,40],"offset":[0,0],"originalSize":[40,40],"capInsets":[0,0,0,0]}],[0],0,[0],[0],[0]],[[{"name":"49","rect":[263,93,70,32],"offset":[0,0],"originalSize":[70,32],"rotated":1,"capInsets":[0,0,0,0]}],[0],0,[0],[0],[0]],[[{"name":"44","rect":[146,525,63,27],"offset":[0,0],"originalSize":[63,27],"capInsets":[0,0,0,0]}],[0],0,[0],[0],[0]],[[{"name":"55","rect":[2,173,254,18],"offset":[0,0],"originalSize":[254,18],"capInsets":[0,0,0,0]}],[0],0,[0],[0],[0]],[[{"name":"26","rect":[168,643,36,38],"offset":[0,0],"originalSize":[36,38],"rotated":1,"capInsets":[0,0,0,0]}],[0],0,[0],[0],[0]],[[{"name":"9","rect":[52,670,47,43],"offset":[0,0],"originalSize":[47,43],"capInsets":[0,0,0,0]}],[0],0,[0],[0],[0]],[[{"name":"22","rect":[408,434,49,49],"offset":[0,0],"originalSize":[49,49],"capInsets":[0,0,0,0]}],[0],0,[0],[0],[0]],[[{"name":"16","rect":[2,629,46,48],"offset":[0,0],"originalSize":[46,48],"rotated":1,"capInsets":[0,0,0,0]}],[0],0,[0],[0],[0]],[[{"name":"52","rect":[178,323,114,39],"offset":[0,0],"originalSize":[114,39],"capInsets":[0,0,0,0]}],[0],0,[0],[0],[0]],[[{"name":"20","rect":[117,601,48,49],"offset":[0,0],"originalSize":[48,49],"rotated":1,"capInsets":[0,0,0,0]}],[0],0,[0],[0],[0]],[[{"name":"40","rect":[2,550,64,27],"offset":[0,0],"originalSize":[64,27],"capInsets":[0,0,0,0]}],[0],0,[0],[0],[0]],[[{"name":"33","rect":[68,521,52,47],"offset":[0,0],"originalSize":[52,47],"rotated":1,"capInsets":[0,0,0,0]}],[0],0,[0],[0],[0]],[[{"name":"25","rect":[459,434,38,49],"offset":[0,0],"originalSize":[38,49],"capInsets":[0,0,0,0]}],[0],0,[0],[0],[0]],[[{"name":"34","rect":[394,585,43,37],"offset":[0,0],"originalSize":[43,37],"capInsets":[0,0,0,0]}],[0],0,[0],[0],[0]],[[{"name":"35","rect":[500,376,107,10],"offset":[0,0],"originalSize":[107,10],"rotated":1,"capInsets":[0,0,0,0]}],[0],0,[0],[0],[0]],[[{"name":"23","rect":[339,565,53,50],"offset":[0,0],"originalSize":[53,50],"capInsets":[0,0,0,0]}],[0],0,[0],[0],[0]],[[{"name":"1","rect":[297,28,156,143],"offset":[-1,-6],"originalSize":[158,155],"rotated":1,"capInsets":[0,0,0,0]}],[0],0,[0],[0],[0]],[[{"name":"54","rect":[2,193,175,105],"offset":[0,0],"originalSize":[175,105],"capInsets":[0,0,0,0]}],[0],0,[0],[0],[0]],[[{"name":"14","rect":[68,575,47,47],"offset":[0,0],"originalSize":[47,47],"capInsets":[0,0,0,0]}],[0],0,[0],[0],[0]],[[{"name":"2","rect":[297,186,140,73],"offset":[0,0],"originalSize":[140,73],"capInsets":[0,0,0,0]}],[0],0,[0],[0],[0]],[[{"name":"59","rect":[442,140,72,65],"offset":[0,0],"originalSize":[72,65],"rotated":1,"capInsets":[0,0,0,0]}],[0],0,[0],[0],[0]],[[{"name":"42","rect":[117,478,64,27],"offset":[0,0],"originalSize":[64,27],"rotated":1,"capInsets":[0,0,0,0]}],[0],0,[0],[0],[0]],[[{"name":"46","rect":[434,376,64,27],"offset":[0,0],"originalSize":[64,27],"capInsets":[0,0,0,0]}],[0],0,[0],[0],[0]],[[{"name":"36","rect":[2,677,45,35],"offset":[0,0],"originalSize":[45,35],"capInsets":[0,0,0,0]}],[0],0,[0],[0],[0]],[[{"name":"3","rect":[295,261,137,146],"offset":[0,0],"originalSize":[137,146],"capInsets":[0,0,0,0]}],[0],0,[0],[0],[0]],[[{"name":"41","rect":[2,521,64,27],"offset":[0,0],"originalSize":[64,27],"capInsets":[0,0,0,0]}],[0],0,[0],[0],[0]],[[{"name":"11","rect":[54,624,49,44],"offset":[0,0],"originalSize":[49,44],"capInsets":[0,0,0,0]}],[0],0,[0],[0],[0]],[[{"name":"58","rect":[2,93,259,78],"offset":[0,0],"originalSize":[259,78],"capInsets":[0,0,0,0]}],[0],0,[0],[0],[0]],[[{"name":"15","rect":[339,523,40,54],"offset":[0,0],"originalSize":[40,54],"rotated":1,"capInsets":[0,0,0,0]}],[0],0,[0],[0],[0]],[[{"name":"30","rect":[285,409,121,112],"offset":[0,0],"originalSize":[121,112],"capInsets":[0,0,0,0]}],[0],0,[0],[0],[0]],[[{"name":"18","rect":[170,554,39,45],"offset":[0,0],"originalSize":[39,45],"capInsets":[0,0,0,0]}],[0],0,[0],[0],[0]],[[{"name":"51","rect":[439,214,70,101],"offset":[0,0],"originalSize":[70,101],"capInsets":[0,0,0,0]}],[0],0,[0],[0],[0]],[[{"name":"6","rect":[179,204,114,117],"offset":[0,0],"originalSize":[114,117],"capInsets":[0,0,0,0]}],[0],0,[0],[0],[0]],[[{"name":"53","rect":[408,485,101,98],"offset":[0,0],"originalSize":[101,98],"capInsets":[0,0,0,0]}],[0],0,[0],[0],[0]],[[{"name":"4","rect":[2,2,24,438],"offset":[0,-7],"originalSize":[24,452],"rotated":1,"capInsets":[0,0,0,0]}],[0],0,[0],[0],[0]],[[{"name":"12","rect":[210,606,49,44],"offset":[0,0],"originalSize":[49,44],"capInsets":[0,0,0,0]}],[0],0,[0],[0],[0]],[[{"name":"47","rect":[442,2,68,41],"offset":[0,0],"originalSize":[68,41],"capInsets":[0,7,0,18]}],[0],0,[0],[0],[0]],[[{"name":"39","rect":[146,496,64,27],"offset":[0,0],"originalSize":[64,27],"capInsets":[0,0,0,0]}],[0],0,[0],[0],[0]]]]