[1,["502bczMxRFk7TU2KNkKlzh"],0,[["sp.SkeletonData",["_name","_atlasText","textureNames","_skeletonJson","textures"],-1,3]],[[0,0,1,2,3,4,5]],[[0,"star","\nstar.png\nsize: 48,53\nformat: RGBA8888\nfilter: Linear,Linear\nrepeat: none\nimgstar\n  rotate: false\n  xy: 2, 2\n  size: 44, 49\n  orig: 57, 59\n  offset: 9, 6\n  index: -1\n",["star.png"],{"skeleton":{"hash":"PQ542x4JKpefo9JPaHmMKEwEUAw","spine":"3.8.75","x":-30.79,"y":-29.79,"width":57,"height":59,"images":"","audio":""},"bones":[{"name":"root"},{"name":"bone","parent":"root","length":25.26,"rotation":90}],"slots":[{"name":"star","bone":"bone","attachment":"imgstar","blend":"screen"}],"skins":[{"name":"default","attachments":{"star":{"imgstar":{"x":-0.29,"y":2.29,"rotation":-90,"width":57,"height":59}}}}],"animations":{"animation":{"slots":{"star":{"color":[{"color":"ffffff00"},{"time":0.7667,"color":"ffffffff"},{"time":1.5,"color":"ffffff00"}]}}}}},[0]]],0,0,[0],[-1],[0]]