[1,["41Nqkcc5RL1a2dO0ltC1cm","950c/0kp5Bm5UaGXeqDl5J","81jp6tCQVCZYqQRk++5QIJ","f98aAhaTxEVqgC++pEFOvO","cdIyKUXBBExaasdrF0dcxq","depFTLVh9Nt6xQm2x/CSbO","26e+12a1RBdZ/PnIsyjFg1","6brwNy70tOtphQZP2tB29F","dfuBLCCFFJjasZDQ2qOoAz","89oi1W/rlOJY9mr03Y+AOO","1aI8+EskNDv7gJhdwYRPPT","583UU33+hCWb6CQnZMX78Z","d6hhHhmgVH0qewqkkaOBlN","376PpP0xZO/Ixnl6k6lRXK","90kc9HaE9O7rOm/i+7LWHG","d1ImmlyIhM/JszPwXHHPcP","3cqSlbQUpH6KIVvidFX6/O","91t0/cjLRKI5SO7l6FyYkw","04qPIKIB9GBKtfLjaA8eGO","b1VzpxEYJD46qDiY2eHnht","8eGv/uCihBCaxaZQS0ahhV","50ingpSNhOlLAiGStGaiTT","014dSD6hZHM7Z6VvZhCKNJ","34By+iT81O4K4MtBqtcWHg","6f2xoA6J9NAK9QSOAlAkwa","34O5FTgS1I45OEGntr19/J","af9bafs6ROsqTRUN2f6W5y","c80jqPgilJXb/sJOGHFX9g","63Ncty33xJ0JFmUtBObTey","98N8518d9MNKD8UbOdsPHA","f6Q3T42JBIP75G9qiDR8mq","benV46FnVOPJBGG2RP+21V","e4UD1I3zhGNZTbBl2Y2WS4","98TSsqxMpNu54FEjZCKmE3","3f9KCRuNVJOrZTjyDBnSwQ","8cUTZkEY9IH5KBWpcZPYyP","a216e+GfBAGbNHrjR6l3NH","b3p8zdKPNEubxhp8MTVOql","f4LEJ1X2dLyKZCmQd4io1K","19cEGC0jxIJoGhvQIOIikw","9fPLNuDPVIjIf3yS8rKoS/","09exaEB51LfpDSNv7y5AUn","94OQ/xVBNHyZ3QLVBwQTf8","93NhzuyvpOu6/XqTwofTh0","89dS+dSsJGo6QmvHh7dLui","feLtbuXi9Pk70xusIAIKZY","cbTDquZMNFxKi4jexwl2Tr","5bUvIa3ghGh5bnLIrQAnDL","d0vFlaog1NiISefKQwUFjf","7aUcjgCstEQJn91Hp1Mkw1","7aq0b2uNxOeqBo/HHPWTDx","3d0x7/C9FCeaP/C8y3MJdC","17ocBTHYRDD6TSTaimRPdz","358is/82pE7oDDJvWoQlAe","22JeSv1+ZI1pwZsmJFyjCA","98vN2ny25Dd5zBC6FP2NsV","adiRyRWIdEVId3F/nlgrvd","da9Y0bP9tEiJ1wjJI6+lPA","4b5/z0js5IVK5HB5QPWuYY","60qxuNt2ZKfrr1GZqKA5h8","d0Z5U02V5PJ55MlMhFwOGC","00tyLk9rFNJLcvLs2NLyk9","13qmsa21BNJI1Fi6XmMHOA","81u0jXDPJAKaE2/kkv1ZIj","80X3K2p4tGFKGX6/QjsKGN","21sLHf2+xOc55mopszCzul","0c3JlWc+ZN6oa0hQB4+9Dd","433B8giGZFF7SL4t6w1Xa4","dbhgQ1o7RFz75IsuMQ8K68","b1SPVp2E1Kr61d2bJdssx0","48hnDY0PJNO59ZeFehix34","c0X8nhwX1He5aRtqBBoapr","f3iiH4PYlEs67QLQ1BEfTz","f9wvO7cItDurkEg5wHXjlZ","92FDq3TDBIXY38C/JlPCBx","36A37kMGZME4N5DKrKJpVb","16qn4C5UJLK4qfccx9EAF7","c1GDx3zUBFRLOxi6KYr7NQ","aeujSBX7hDupv4xdBBQgna","eec+QP0GNFa7eorcKsGpTE"],["_textureSetter","1","2","3","4","5","6","7","8","9","10","11","12","13","14","15","16","17","18","19","20","21","22","23","24","25","26","27","28","29","30","31","32","33","34","35","36","37","38","39","40","41","42","43","44","45","46","47","48","49","50","51","52","53","54","55","56","57","58","59","60","61","62","63","64","65","66","67","68","69","71","73","74","75","76","71-1","75-1","auto_select","auto_selectbg","btnBg"],["cc.SpriteFrame",["cc.SpriteAtlas",["_name","_spriteFrames"],2,11]],[[1,0,1,2]],[[[{"name":"61","rect":[578,223,33,24],"offset":[0,0],"originalSize":[33,24],"capInsets":[0,0,0,0]}],[0],0,[0],[0],[0]],[[{"name":"22","rect":[464,72,76,155],"offset":[0,0],"originalSize":[76,155],"capInsets":[0,0,0,0]}],[0],0,[0],[0],[0]],[[{"name":"18","rect":[820,180,69,71],"offset":[0,0],"originalSize":[69,71],"rotated":1,"capInsets":[0,0,0,0]}],[0],0,[0],[0],[0]],[[{"name":"41","rect":[753,72,30,76],"offset":[0,0],"originalSize":[30,76],"rotated":1,"capInsets":[0,0,0,0]}],[0],0,[0],[0],[0]],[[{"name":"66","rect":[146,254,253,18],"offset":[0,0],"originalSize":[253,18],"rotated":1,"capInsets":[0,0,0,0]}],[0],0,[0],[0],[0]],[[{"name":"62","rect":[407,502,114,114],"offset":[0,0],"originalSize":[114,114],"capInsets":[0,0,0,0]}],[0],0,[0],[0],[0]],[[{"name":"75-1","rect":[622,254,92,88],"offset":[0,0],"originalSize":[92,88],"rotated":1,"capInsets":[0,0,0,0]}],[0],0,[0],[0],[0]],[[{"name":"52","rect":[265,831,80,33],"offset":[0,0],"originalSize":[80,33],"capInsets":[0,0,0,0]}],[0],0,[0],[0],[0]],[[{"name":"39","rect":[678,156,66,76],"offset":[0,0],"originalSize":[66,76],"capInsets":[0,0,0,0]}],[0],0,[0],[0],[0]],[[{"name":"54","rect":[552,443,100,56],"offset":[0,0],"originalSize":[100,56],"capInsets":[0,0,0,0]}],[0],0,[0],[0],[0]],[[{"name":"6","rect":[348,972,58,48],"offset":[0,0],"originalSize":[58,48],"capInsets":[0,0,0,0]}],[0],0,[0],[0],[0]],[[{"name":"23","rect":[523,502,107,114],"offset":[0,0],"originalSize":[107,114],"capInsets":[0,0,0,0]}],[0],0,[0],[0],[0]],[[{"name":"25","rect":[721,234,46,22],"offset":[0,0],"originalSize":[46,22],"rotated":1,"capInsets":[0,0,0,0]}],[0],0,[0],[0],[0]],[[{"name":"13","rect":[2,72,248,178],"offset":[0,0],"originalSize":[248,178],"capInsets":[0,0,0,0]}],[0],0,[0],[0],[0]],[[{"name":"51","rect":[276,466,32,35],"offset":[0,0],"originalSize":[32,35],"capInsets":[0,0,0,0]}],[0],0,[0],[0],[0]],[[{"name":"34","rect":[343,466,34,34],"offset":[0,0],"originalSize":[34,34],"capInsets":[0,0,0,0]}],[0],0,[0],[0],[0]],[[{"name":"67","rect":[84,254,256,60],"offset":[0,0],"originalSize":[256,60],"rotated":1,"capInsets":[0,0,0,0]}],[0],0,[0],[0],[0]],[[{"name":"71","rect":[547,365,107,76],"offset":[0,0],"originalSize":[107,76],"capInsets":[0,0,0,0]}],[0],0,[0],[0],[0]],[[{"name":"58","rect":[712,282,30,19],"offset":[0,0],"originalSize":[30,19],"capInsets":[0,0,0,0]}],[0],0,[0],[0],[0]],[[{"name":"21","rect":[542,72,69,149],"offset":[0,0],"originalSize":[69,149],"capInsets":[0,0,0,0]}],[0],0,[0],[0],[0]],[[{"name":"11","rect":[101,619,252,68],"offset":[-1,0],"originalSize":[254,68],"rotated":1,"capInsets":[0,0,0,0]}],[0],0,[0],[0],[0]],[[{"name":"47","rect":[746,201,42,46],"offset":[0,0],"originalSize":[42,46],"rotated":1,"capInsets":[0,0,0,0]}],[0],0,[0],[0],[0]],[[{"name":"59","rect":[171,856,24,14],"offset":[0,0],"originalSize":[24,14],"capInsets":[6,0,6,0]}],[0],0,[0],[0],[0]],[[{"name":"28","rect":[103,972,50,50],"offset":[0,0],"originalSize":[50,50],"capInsets":[0,0,0,0]}],[0],0,[0],[0],[0]],[[{"name":"24","rect":[794,201,30,22],"offset":[0,0],"originalSize":[30,22],"rotated":1,"capInsets":[0,0,0,0]}],[0],0,[0],[0],[0]],[[{"name":"49","rect":[51,972,50,50],"offset":[0,0],"originalSize":[50,50],"capInsets":[0,0,0,0]}],[0],0,[0],[0],[0]],[[{"name":"50","rect":[310,466,31,35],"offset":[0,0],"originalSize":[31,35],"capInsets":[0,0,0,0]}],[0],0,[0],[0],[0]],[[{"name":"64","rect":[2,254,80,363],"offset":[0,0],"originalSize":[80,363],"capInsets":[0,0,0,0]}],[0],0,[0],[0],[0]],[[{"name":"63","rect":[252,72,176,108],"offset":[0,0],"originalSize":[176,108],"rotated":1,"capInsets":[0,0,0,0]}],[0],0,[0],[0],[0]],[[{"name":"44","rect":[469,618,197,68],"offset":[0,0],"originalSize":[197,68],"rotated":1,"capInsets":[0,0,0,0]}],[0],0,[0],[0],[0]],[[{"name":"9","rect":[408,827,100,195],"offset":[0,0],"originalSize":[100,195],"capInsets":[0,0,0,0]}],[0],0,[0],[0],[0]],[[{"name":"35","rect":[84,512,114,105],"offset":[0,0],"originalSize":[114,105],"capInsets":[0,0,0,0]}],[0],0,[0],[0],[0]],[[{"name":"20","rect":[362,72,174,100],"offset":[0,0],"originalSize":[174,100],"rotated":1,"capInsets":[0,0,0,0]}],[0],0,[0],[0],[0]],[[{"name":"76","rect":[2,2,444,68],"offset":[0,0],"originalSize":[444,68],"capInsets":[0,0,0,0]}],[0],0,[0],[0],[0]],[[{"name":"43","rect":[579,254,97,41],"offset":[0,0],"originalSize":[97,41],"rotated":1,"capInsets":[0,0,0,0]}],[0],0,[0],[0],[0]],[[{"name":"42","rect":[415,466,78,33],"offset":[0,0],"originalSize":[78,33],"capInsets":[0,0,0,0]}],[0],0,[0],[0],[0]],[[{"name":"29","rect":[495,448,55,52],"offset":[0,0],"originalSize":[55,52],"capInsets":[0,0,0,0]}],[0],0,[0],[0],[0]],[[{"name":"33","rect":[379,466,34,34],"offset":[0,0],"originalSize":[34,34],"capInsets":[0,0,0,0]}],[0],0,[0],[0],[0]],[[{"name":"55","rect":[831,72,62,60],"offset":[0,0],"originalSize":[62,60],"rotated":1,"capInsets":[0,0,0,0]}],[0],0,[0],[0],[0]],[[{"name":"40","rect":[746,169,30,72],"offset":[0,0],"originalSize":[30,72],"rotated":1,"capInsets":[6,6,6,8]}],[0],0,[0],[0],[0]],[[{"name":"36","rect":[745,245,30,32],"offset":[0,0],"originalSize":[30,32],"rotated":1,"capInsets":[0,0,0,0]}],[0],0,[0],[0],[0]],[[{"name":"56","rect":[347,827,44,52],"offset":[0,0],"originalSize":[44,52],"rotated":1,"capInsets":[0,0,0,0]}],[0],0,[0],[0],[0]],[[{"name":"69","rect":[299,619,206,168],"offset":[0,0],"originalSize":[206,168],"rotated":1,"capInsets":[0,0,0,0]}],[0],0,[0],[0],[0]],[[{"name":"19","rect":[510,817,192,78],"offset":[0,0],"originalSize":[192,78],"rotated":1,"capInsets":[0,0,0,0]}],[0],0,[0],[0],[0]],[[{"name":"37","rect":[258,972,48,50],"offset":[0,0],"originalSize":[48,50],"capInsets":[0,0,0,0]}],[0],0,[0],[0],[0]],[[{"name":"31","rect":[308,972,38,49],"offset":[0,0],"originalSize":[38,49],"capInsets":[0,0,0,0]}],[0],0,[0],[0],[0]],[[{"name":"73","rect":[200,508,205,109],"offset":[0,0],"originalSize":[205,109],"capInsets":[0,0,0,0]}],[0],0,[0],[0],[0]],[[{"name":"46","rect":[514,365,79,31],"offset":[0,0],"originalSize":[79,31],"rotated":1,"capInsets":[0,0,0,0]}],[0],0,[0],[0],[0]],[[{"name":"4","rect":[794,233,19,43],"offset":[0,0],"originalSize":[19,43],"capInsets":[0,0,0,0]}],[0],0,[0],[0],[0]],[[{"name":"60","rect":[489,229,57,22],"offset":[0,0],"originalSize":[57,22],"capInsets":[0,0,0,0]}],[0],0,[0],[0],[0]],[[{"name":"48","rect":[829,136,42,46],"offset":[0,0],"originalSize":[42,46],"rotated":1,"capInsets":[0,0,0,0]}],[0],0,[0],[0],[0]],[[{"name":"15","rect":[613,72,54,85],"offset":[0,0],"originalSize":[54,85],"capInsets":[0,0,0,0]}],[0],0,[0],[0],[0]],[[{"name":"12","rect":[166,254,252,68],"offset":[0,0],"originalSize":[254,68],"rotated":1,"capInsets":[0,0,0,0]}],[0],0,[0],[0],[0]],[[{"name":"57","rect":[464,229,23,23],"offset":[0,0],"originalSize":[23,23],"capInsets":[0,0,0,0]}],[0],0,[0],[0],[0]],[[{"name":"68","rect":[49,619,50,257],"offset":[0,0],"originalSize":[50,257],"capInsets":[0,0,0,0]}],[0],0,[0],[0],[0]],[[{"name":"5","rect":[678,234,41,18],"offset":[0,0],"originalSize":[41,18],"capInsets":[0,0,0,0]}],[0],0,[0],[0],[0]],[[{"name":"8","rect":[306,254,210,68],"offset":[0,0],"originalSize":[210,68],"rotated":1,"capInsets":[0,0,0,0]}],[0],0,[0],[0],[0]],[[[0,"common_1.plist",[{},"1",6,0,"2",6,1,"3",6,2,"4",6,3,"5",6,4,"6",6,5,"7",6,6,"8",6,7,"9",6,8,"10",6,9,"11",6,10,"12",6,11,"13",6,12,"14",6,13,"15",6,14,"16",6,15,"17",6,16,"18",6,17,"19",6,18,"20",6,19,"21",6,20,"22",6,21,"23",6,22,"24",6,23,"25",6,24,"26",6,25,"27",6,26,"28",6,27,"29",6,28,"30",6,29,"31",6,30,"32",6,31,"33",6,32,"34",6,33,"35",6,34,"36",6,35,"37",6,36,"38",6,37,"39",6,38,"40",6,39,"41",6,40,"42",6,41,"43",6,42,"44",6,43,"45",6,44,"46",6,45,"47",6,46,"48",6,47,"49",6,48,"50",6,49,"51",6,50,"52",6,51,"53",6,52,"54",6,53,"55",6,54,"56",6,55,"57",6,56,"58",6,57,"59",6,58,"60",6,59,"61",6,60,"62",6,61,"63",6,62,"64",6,63,"65",6,64,"66",6,65,"67",6,66,"68",6,67,"69",6,68,"71",6,69,"73",6,70,"74",6,71,"75",6,72,"76",6,73,"71-1",6,74,"75-1",6,75,"auto_select",6,76,"auto_selectbg",6,77,"btnBg",6,78]]],0,0,[0,0,0,0,0,0,0,0,0,0,0,0,0,0,0,0,0,0,0,0,0,0,0,0,0,0,0,0,0,0,0,0,0,0,0,0,0,0,0,0,0,0,0,0,0,0,0,0,0,0,0,0,0,0,0,0,0,0,0,0,0,0,0,0,0,0,0,0,0,0,0,0,0,0,0,0,0,0,0],[1,2,3,4,5,6,7,8,9,10,11,12,13,14,15,16,17,18,19,20,21,22,23,24,25,26,27,28,29,30,31,32,33,34,35,36,37,38,39,40,41,42,43,44,45,46,47,48,49,50,51,52,53,54,55,56,57,58,59,60,61,62,63,64,65,66,67,68,69,70,71,72,73,74,75,76,77,78,79],[1,2,3,4,5,6,7,8,9,10,11,12,13,14,15,16,17,18,19,20,21,22,23,24,25,26,27,28,29,30,31,32,33,34,35,36,37,38,39,40,41,42,43,44,45,46,47,48,49,50,51,52,53,54,55,56,57,58,59,60,61,62,63,64,65,66,67,68,69,70,71,72,73,74,75,76,77,78,79]],[[{"name":"32","rect":[229,831,34,34],"offset":[0,0],"originalSize":[34,34],"capInsets":[0,0,0,0]}],[0],0,[0],[0],[0]],[[{"name":"74","rect":[49,878,92,106],"offset":[0,0],"originalSize":[92,106],"rotated":1,"capInsets":[0,0,0,0]}],[0],0,[0],[0],[0]],[[{"name":"38","rect":[236,254,68,210],"offset":[0,0],"originalSize":[68,210],"capInsets":[0,0,0,0]}],[0],0,[0],[0],[0]],[[{"name":"75","rect":[448,2,444,68],"offset":[0,0],"originalSize":[444,68],"capInsets":[0,0,0,0]}],[0],0,[0],[0],[0]],[[{"name":"3","rect":[613,159,63,83],"offset":[0,0],"originalSize":[63,83],"capInsets":[0,0,0,0]}],[0],0,[0],[0],[0]],[[{"name":"45","rect":[753,104,63,74],"offset":[0,0],"originalSize":[63,74],"rotated":1,"capInsets":[0,0,0,0]}],[0],0,[0],[0],[0]]]]