[1,["80CFN9yTZO8L7B/D4uW0kC","9dgLXu7DlNKKWS2gHbp6/o","adBe6XUvlO4YS14VRx9nOb","59ygz2+jNIt7VSu2h+IEDR","dbd3J7g35JpI1Iz1ILtIuu","12Wsnwtr1PQbZmvfEUgNV5","aatE3Ytx1Gdo3kWopoLAh6","13nUrf4R5HQLVe6ASGAEPv","a3aFDgANlJFKG+fqoZy2WY","07gfwUsoFGNpgHIPPRspNX","e44yh57tpAHpHmc0XO654y","11xSVijfRPRKo/s7ZQNORE","aay47NDxtBbquYG3ciSjT2","5dVWq9hl9Ij6oOs4UKnCUB","f1vU7+BApIpaYKaAD6g+B/","edwrYVBqBB7aPLyHuDUP+y","29sLOjT/VGybS9rrSqj6+p","889PXzD7VP9au/q/c1nbqg","87xXOd7U9MRZ3VfSUz99bZ","43YlmBmBhNe6Z3oQI4HWLc","60iwi5RM9IU6mXC1saaj5F","aeNAatZSBKHZRi5kanc+EJ","f4+fRLBwdAeY96ajJTOZhd","d7J6r7tudGEpns5mywuLOy","d8lDcf8rBPQKDjbm8bK0Cm","11w9CJSZJCnJQNgdAhGPxU","d8veAj/cRJj6ni/mrtbRjN","692tQ5rV9HhK4RkQ3Ydif+","7bEpNJ1iJG2bIaxdLGayei","ccaptbOVNMmZw3LhZeWI3d","07h5+K8eBLYrebaPRJ8LxV","85n2di/9ZLaKArD5S5ajv5","c3ETIWZtVI0q/+BU+b06XK","e1SUk39LtDa6cH8P0Q7g/J","76k2PASWlM6qiOaqynDS5I","beZjIURrtKoLZXL8wwxYws","1apSQhAKlMxKZR8rWDw95X","ddG8LuS0hF2rKmWe4rbaW1","c5xkx1Va9OU7lBx0fCHB1G","48H/wPMxRHC4cGBqlpDZqe","4dcl+07BFKrY1+OMe11lQE","f9AzzJVA1ELYnQO1xlc0hy","83DdyW14dP+bNLz4HcxRuW","3dqgrYZ9ZD3qAAkPTEgNrp","2cJxHbMStFu5RKBf+4NWMQ","11d3IaY6tCULlfTYnZUnPJ","efp7BDgJtLYYxhn+wt+0s6","e6uKmyzJBHvZm8w9HqvoqJ","48c7iy7eRMyI5FABqWmGMl","3bqSxcVqpD25aeYTT81sOu","a8mX2HayhKqp5+1djirjq2","83aqR4dKRBs4oXjXwR349d","46JESpP65DIq7SNVUcLHd1","9drEaKQsVGZqS+1neXte8g","f4WUJPcc1PJaBYYwNF8pT1","a4NYWYdUZEzLULQ+G6K59W","1bogz25GBOY44iwViFGYeW","13jM1KXHFCxYMBLBZm+DZ0","b1vxAmlU1KdrQhOgyS+0Pw","7axycIgYRECZmqux1r1M6a","62DtsPBexC07XMR//c4yMt","42u+sjgRhIcr7S7H8JF3U5","83AihryvBE2aJNGQWGIW1s","c94KfPj49HIrYNr6c1D6mK","58qjXWEbdCPIqLAW/mfIXp","d1U5e5naNP1K5yZExa2xFB","52emLQNGpDBLXQrIXVf52E","1aQManW0NPCqFI/YyLNByr","02sZkn/FZEtIILIk8Jh6jb","e1sXdTN4FOfLJaXid9N9hI","99LLUKoxxP27LN9A8y30+v","aeq5tM1B9LPrb83/2c77h1","e1tOzhK1FKe7kzK4ruHSmH","31Yp6sOrtBd69E/x/Aokg2"],["_textureSetter","1","2","4","5","6","7","8","9","10","11","12","13","14","15","16","17","18","19","20","21","22","23","24","25","26","27","28","29","30","31","32","33","34","35","36","37","38","39","40","41","42","43","44","45","46","47","48","49","50","51","52","53","54","55","56","57","58","59","60","61","62","63","64","65","66","67","68","69","70","71","72","autospin","info"],["cc.SpriteFrame",["cc.SpriteAtlas",["_name","_spriteFrames"],2,11]],[[1,0,1,2]],[[[{"name":"10","rect":[2,181,169,32],"offset":[0,0],"originalSize":[169,32],"capInsets":[0,0,0,0]}],[0],0,[0],[0],[0]],[[{"name":"31","rect":[332,495,23,87],"offset":[0,0],"originalSize":[23,87],"rotated":1,"capInsets":[0,0,0,0]}],[0],0,[0],[0],[0]],[[{"name":"46","rect":[253,310,135,28],"offset":[0,0],"originalSize":[135,28],"capInsets":[0,0,0,0]}],[0],0,[0],[0],[0]],[[{"name":"26","rect":[174,143,106,50],"offset":[0,0],"originalSize":[106,50],"rotated":1,"capInsets":[0,0,0,0]}],[0],0,[0],[0],[0]],[[{"name":"12","rect":[2,236,164,19],"offset":[0,0],"originalSize":[164,19],"capInsets":[0,0,0,0]}],[0],0,[0],[0],[0]],[[{"name":"6","rect":[2,85,219,27],"offset":[0,0],"originalSize":[219,27],"capInsets":[0,0,0,0]}],[0],0,[0],[0],[0]],[[{"name":"8","rect":[2,114,205,27],"offset":[0,0],"originalSize":[205,27],"capInsets":[0,0,0,0]}],[0],0,[0],[0],[0]],[[{"name":"37","rect":[131,515,43,25],"offset":[0,0],"originalSize":[43,25],"rotated":1,"capInsets":[0,0,0,0]}],[0],0,[0],[0],[0]],[[{"name":"57","rect":[489,2,32,21],"offset":[0,0],"originalSize":[32,21],"rotated":1,"capInsets":[0,0,0,0]}],[0],0,[0],[0],[0]],[[{"name":"info","rect":[477,376,61,33],"offset":[0,0],"originalSize":[61,33],"rotated":1,"capInsets":[0,0,0,0]}],[0],0,[0],[0],[0]],[[{"name":"50","rect":[131,391,122,34],"offset":[0,0],"originalSize":[122,34],"rotated":1,"capInsets":[0,0,0,0]}],[0],0,[0],[0],[0]],[[{"name":"44","rect":[253,99,148,35],"offset":[0,0],"originalSize":[148,35],"capInsets":[0,0,0,0]}],[0],0,[0],[0],[0]],[[{"name":"62","rect":[381,434,90,59],"offset":[0,0],"originalSize":[90,59],"capInsets":[0,0,0,0]}],[0],0,[0],[0],[0]],[[{"name":"53","rect":[473,439,69,32],"offset":[0,0],"originalSize":[69,32],"rotated":1,"capInsets":[0,0,0,0]}],[0],0,[0],[0],[0]],[[{"name":"40","rect":[167,452,83,25],"offset":[0,0],"originalSize":[83,25],"capInsets":[0,0,0,0]}],[0],0,[0],[0],[0]],[[{"name":"49","rect":[2,358,130,30],"offset":[0,0],"originalSize":[130,30],"capInsets":[0,0,0,0]}],[0],0,[0],[0],[0]],[[{"name":"41","rect":[167,425,83,25],"offset":[0,0],"originalSize":[83,25],"capInsets":[0,0,0,0]}],[0],0,[0],[0],[0]],[[{"name":"67","rect":[226,246,99,25],"offset":[0,0],"originalSize":[99,25],"rotated":1,"capInsets":[0,0,0,0]}],[0],0,[0],[0],[0]],[[{"name":"65","rect":[106,474,23,94],"offset":[0,0],"originalSize":[23,94],"capInsets":[0,0,0,0]}],[0],0,[0],[0],[0]],[[{"name":"4","rect":[2,27,222,28],"offset":[0,0],"originalSize":[222,28],"capInsets":[0,0,0,0]}],[0],0,[0],[0],[0]],[[{"name":"14","rect":[243,487,87,23],"offset":[0,0],"originalSize":[87,23],"capInsets":[0,0,0,0]}],[0],0,[0],[0],[0]],[[{"name":"21","rect":[2,321,130,35],"offset":[0,0],"originalSize":[130,35],"capInsets":[0,0,0,0]}],[0],0,[0],[0],[0]],[[{"name":"61","rect":[253,402,94,27],"offset":[0,0],"originalSize":[94,27],"capInsets":[0,0,0,0]}],[0],0,[0],[0],[0]],[[{"name":"35","rect":[167,506,30,64],"offset":[0,0],"originalSize":[30,64],"rotated":1,"capInsets":[0,0,0,0]}],[0],0,[0],[0],[0]],[[{"name":"60","rect":[381,410,92,22],"offset":[0,0],"originalSize":[92,22],"capInsets":[0,0,0,0]}],[0],0,[0],[0],[0]],[[{"name":"29","rect":[2,531,99,25],"offset":[0,0],"originalSize":[99,25],"capInsets":[0,0,0,0]}],[0],0,[0],[0],[0]],[[{"name":"63","rect":[252,431,30,90],"offset":[0,0],"originalSize":[30,90],"rotated":1,"capInsets":[0,0,0,0]}],[0],0,[0],[0],[0]],[[{"name":"43","rect":[168,347,83,25],"offset":[0,0],"originalSize":[83,25],"capInsets":[0,0,0,0]}],[0],0,[0],[0],[0]],[[{"name":"52","rect":[392,292,118,30],"offset":[0,0],"originalSize":[118,30],"capInsets":[0,0,0,0]}],[0],0,[0],[0],[0]],[[{"name":"32","rect":[168,251,56,25],"offset":[0,0],"originalSize":[56,25],"capInsets":[0,0,0,0]}],[0],0,[0],[0],[0]],[[{"name":"18","rect":[253,340,135,28],"offset":[0,0],"originalSize":[135,28],"capInsets":[0,0,0,0]}],[0],0,[0],[0],[0]],[[{"name":"71","rect":[489,36,20,52],"offset":[0,0],"originalSize":[20,52],"capInsets":[0,0,0,0]}],[0],0,[0],[0],[0]],[[{"name":"1","rect":[2,2,249,23],"offset":[0,0],"originalSize":[249,23],"capInsets":[0,0,0,0]}],[0],0,[0],[0],[0]],[[{"name":"54","rect":[2,454,18,116],"offset":[0,0],"originalSize":[18,116],"rotated":1,"capInsets":[0,0,0,0]}],[0],0,[0],[0],[0]],[[{"name":"9","rect":[2,143,170,36],"offset":[0,0],"originalSize":[170,36],"capInsets":[0,0,0,0]}],[0],0,[0],[0],[0]],[[{"name":"56","rect":[381,376,32,94],"offset":[0,0],"originalSize":[32,94],"rotated":1,"capInsets":[0,0,0,0]}],[0],0,[0],[0],[0]],[[{"name":"7","rect":[226,27,217,25],"offset":[0,0],"originalSize":[217,25],"rotated":1,"capInsets":[0,0,0,0]}],[0],0,[0],[0],[0]],[[{"name":"13","rect":[253,43,158,23],"offset":[0,0],"originalSize":[158,23],"capInsets":[0,0,0,0]}],[0],0,[0],[0],[0]],[[{"name":"2","rect":[421,495,43,25],"offset":[0,0],"originalSize":[43,25],"capInsets":[0,0,0,0]}],[0],0,[0],[0],[0]],[[{"name":"22","rect":[2,416,123,36],"offset":[0,0],"originalSize":[123,36],"capInsets":[0,0,0,0]}],[0],0,[0],[0],[0]],[[{"name":"72","rect":[168,305,38,26],"offset":[0,0],"originalSize":[38,26],"rotated":1,"capInsets":[0,0,0,0]}],[0],0,[0],[0],[0]],[[[0,"font.plist",[{},"1",6,0,"2",6,1,"4",6,2,"5",6,3,"6",6,4,"7",6,5,"8",6,6,"9",6,7,"10",6,8,"11",6,9,"12",6,10,"13",6,11,"14",6,12,"15",6,13,"16",6,14,"17",6,15,"18",6,16,"19",6,17,"20",6,18,"21",6,19,"22",6,20,"23",6,21,"24",6,22,"25",6,23,"26",6,24,"27",6,25,"28",6,26,"29",6,27,"30",6,28,"31",6,29,"32",6,30,"33",6,31,"34",6,32,"35",6,33,"36",6,34,"37",6,35,"38",6,36,"39",6,37,"40",6,38,"41",6,39,"42",6,40,"43",6,41,"44",6,42,"45",6,43,"46",6,44,"47",6,45,"48",6,46,"49",6,47,"50",6,48,"51",6,49,"52",6,50,"53",6,51,"54",6,52,"55",6,53,"56",6,54,"57",6,55,"58",6,56,"59",6,57,"60",6,58,"61",6,59,"62",6,60,"63",6,61,"64",6,62,"65",6,63,"66",6,64,"67",6,65,"68",6,66,"69",6,67,"70",6,68,"71",6,69,"72",6,70,"autospin",6,71,"info",6,72]]],0,0,[0,0,0,0,0,0,0,0,0,0,0,0,0,0,0,0,0,0,0,0,0,0,0,0,0,0,0,0,0,0,0,0,0,0,0,0,0,0,0,0,0,0,0,0,0,0,0,0,0,0,0,0,0,0,0,0,0,0,0,0,0,0,0,0,0,0,0,0,0,0,0,0,0],[1,2,3,4,5,6,7,8,9,10,11,12,13,14,15,16,17,18,19,20,21,22,23,24,25,26,27,28,29,30,31,32,33,34,35,36,37,38,39,40,41,42,43,44,45,46,47,48,49,50,51,52,53,54,55,56,57,58,59,60,61,62,63,64,65,66,67,68,69,70,71,72,73],[1,2,3,4,5,6,7,8,9,10,11,12,13,14,15,16,17,18,19,20,21,22,23,24,25,26,27,28,29,30,31,32,33,34,35,36,37,38,39,40,41,42,43,44,45,46,47,48,49,50,51,52,53,54,55,56,57,58,59,60,61,62,63,64,65,66,67,68,69,70,71,72,73]],[[{"name":"36","rect":[395,228,31,113],"offset":[0,0],"originalSize":[31,113],"rotated":1,"capInsets":[0,0,0,0]}],[0],0,[0],[0],[0]],[[{"name":"33","rect":[167,479,74,25],"offset":[0,0],"originalSize":[74,25],"capInsets":[0,0,0,0]}],[0],0,[0],[0],[0]],[[{"name":"39","rect":[167,401,84,22],"offset":[0,0],"originalSize":[84,22],"capInsets":[0,0,0,0]}],[0],0,[0],[0],[0]],[[{"name":"64","rect":[349,402,30,91],"offset":[0,0],"originalSize":[30,91],"capInsets":[0,0,0,0]}],[0],0,[0],[0],[0]],[[{"name":"30","rect":[168,278,56,25],"offset":[0,0],"originalSize":[56,25],"capInsets":[0,0,0,0]}],[0],0,[0],[0],[0]],[[{"name":"24","rect":[394,261,116,29],"offset":[0,0],"originalSize":[116,29],"capInsets":[0,0,0,0]}],[0],0,[0],[0],[0]],[[{"name":"25","rect":[390,356,116,18],"offset":[0,0],"originalSize":[116,18],"capInsets":[0,0,0,0]}],[0],0,[0],[0],[0]],[[{"name":"27","rect":[405,90,103,50],"offset":[0,0],"originalSize":[103,50],"capInsets":[0,0,0,0]}],[0],0,[0],[0],[0]],[[{"name":"5","rect":[2,57,220,26],"offset":[0,0],"originalSize":[220,26],"capInsets":[0,0,0,0]}],[0],0,[0],[0],[0]],[[{"name":"38","rect":[253,162,40,146],"offset":[0,0],"originalSize":[40,146],"rotated":1,"capInsets":[0,0,0,0]}],[0],0,[0],[0],[0]],[[{"name":"34","rect":[413,43,74,25],"offset":[0,0],"originalSize":[74,25],"capInsets":[0,0,0,0]}],[0],0,[0],[0],[0]],[[{"name":"11","rect":[2,215,167,19],"offset":[0,0],"originalSize":[167,19],"capInsets":[0,0,0,0]}],[0],0,[0],[0],[0]],[[{"name":"48","rect":[2,257,132,30],"offset":[0,0],"originalSize":[132,30],"capInsets":[0,0,0,0]}],[0],0,[0],[0],[0]],[[{"name":"16","rect":[253,136,147,24],"offset":[0,0],"originalSize":[147,24],"capInsets":[0,0,0,0]}],[0],0,[0],[0],[0]],[[{"name":"47","rect":[136,257,132,30],"offset":[0,0],"originalSize":[132,30],"rotated":1,"capInsets":[0,0,0,0]}],[0],0,[0],[0],[0]],[[{"name":"15","rect":[253,68,150,29],"offset":[0,0],"originalSize":[150,29],"capInsets":[0,0,0,0]}],[0],0,[0],[0],[0]],[[{"name":"55","rect":[2,390,24,127],"offset":[0,0],"originalSize":[24,127],"rotated":1,"capInsets":[0,0,0,0]}],[0],0,[0],[0],[0]],[[{"name":"42","rect":[168,374,83,25],"offset":[0,0],"originalSize":[83,25],"capInsets":[0,0,0,0]}],[0],0,[0],[0],[0]]]]