[1,["c8DIgM+uRKBbilElb1FGS/","5a6ZJ69uxF2qnqBzYt9K5z","25ytvCbuxAy5sQVTtQK8EV","137Nh0Eu1MrbP2RGqdkZJS","16tPKKHT1ObpZJRZPDawND","afQN1vQi9G4Igzb8qoIL1S","a1WrSCxfFF86AgZBHwx/JT","42AHFVOQNBpIiSs23K7uRi","92+6XniStM/7HTa+zsna6U","e0zCP4qNZKr6lJjjDQeCNq","0d9elUSW1GAJHI7N6sPsNW","2biap2g+1Fh5rAItiqvkor","b7V9Gs759Bg7goETex0Mr3","cb85BDGz1OdIWVVmj4+H6Y","cd8GfzgF1BnYrJrWNNidxM","caWlga9bdKT4krfNWwJPWm","90DgbAtmJHVZu06ZmNz2ln","c07NVY9AZLspjlKx3nFmlX","45ChKSS9xGz7DcnnvQDXEH","a4DLc6LjdDl5RL9GNcmavQ","d6qLc27YxCurj2urjQNNvs","caOd0e169D05Xg8BeHvwj2","8de4HS/B1EpqVLtWj88Jv3","f6L22clnFINqvA9t23Mhtg","93FTV/9GROmbFmHTAwKjH3","f6d+ialXBKTaS+FdfYHtIg","ebgrZJIIRE6aEI4v7XaDPW","e5VPbj+8FN2Km+GHH3eoSb","32SyudqLdPyIiPUh7CepBS","0eUyMnwU9P85uVhidj+HID","a8iWrtq+9Ge5S1JZihAzYU","ebLCCxq6hP9KEVBBQ6vgwM","45yXbVtx5DRIZqVwpud8Tv","8do59DEkJLuZzNv4ifptii","6fV8hCaRBLipYoan2Y4pI8","1dfSb9CWlAd7DZVB7mfdqj","6eIS00hVZHdYM+B4uC2UGw","8571ylcoJBb7H9I3iRKte2","f5QGxU8rdES6hz/YzrROgt","64eWukJwlB9YsqHnHrhgVM","73nwWOWRdAXbZFtoXy8RHk","46KHJhWixJqJKJOPDSVYpa","08RyLPGmhPBZnzl0BqTqys","02Oo2OXCxCELESZgO7gyqC","adAe/cWsJCLbO0ZsT6Ymrc","9ajfGmBWVBu6WzJCTIelFG","15+YRBEcpK1bvygkgIITha","24hlqN//BNu6Tt9mMWvCk5","3eCUUNFytK7LE1g36bTkSv","f3SbiAVnxNV5UvHDHFy/iQ","4at4QKk8xIkafVOlpKAbC0","4bDMYtUF5CEaXxWxZMuhZw","f1vl3hG+5BjrPnLMvMQ0ge","c1zZRoAzZFsoAWHErlPj0h","1fwe9pHqpPwY5CjllCSwIk","9crQNOIdxOS5HL/ZkOtSKf","c4v77yS/VPwaxEPbWTZFbM","83TyZjvylJua68eO1hiMOd","36VqEKVFpOYqHkp9VNWkee","bbYd7R6HdOIaPmpnQfgurq","7f+DC2oJhI36cI7TETAWjL","6bqIqjRtlNy5/edomeSoy+","64ToLTGFNGsJhUV/Lql+FS","c3d8C1FGpDoLi6ZvHYM25E","01izm1tEpIrKj4u3z3hh7k","ddhEI7emhBG4b+IXALeiNp","dcnNazGFJKmITcWSKaJlt5","fb9hgNVVRMzK5z8AFARo9z","16B0LUxyFCHqpazaEh6MZt","66EWbYfRZEp7OwZC2ncNDM","e4OgJNcDlLVa2nTHtrJqrD","c0IVycmo5PfpLl2LmE3T3i","7a+QlYNylHv6lQBHmfePCa","31g5apgnJLiKNwBmzj180H","97q/CpIl5IDZ5ux2ALY/d4","88e4ojaCdCYr5CUc6JShoM","59AK0O9wVLipMmT6TZH2SY","c5QKFS/JJIgrC2bwSWl0+3","b9XOa5UahK7ILcdR+BuIMO","c26uTJkqRP7I9lEKXuiGww","3a5zekHEJCIZxcpZbMfVVD","6dPYILLaVHX6BNL/LjXKa8","4e7LRL8nJNjLSfsYlvXvqp","b7aceBbg9KfpI0BFM3oyw7","d1s9+MrihIG4gAQaY5ammM","a9Mfq0OgBHM7WtXqxBZc83","2aWJfUDftBRpwIPGeOTBMO","6dr4KX6FVEw6IMsJ2w5jDE","14PDlGE7VPLL37WzY+GK3/","e5NuwefVxK35GDPt8pd+EG","e1dkb64DJDvKX+LNwsmoCn","c2IqXC5vRI/744VlHjU5ME","84/7+EC75CJIY38UkU8MFn","9e5/8thZRNlqrcdODGIEam","13BsCisnBFJa/Xo0oyc2n1","78QIWSCDFGHpyjlQbRswfj","5fuJVsYc9PzYBNJXbEwwak","94M4kxpchG3Zkd3YdWXg2G","17mmXSDBZMHbBxQKYzUBXG","fd3QgrlixPepnBwKU8El8t","4fkcujL5JNd7axsfJ0rnnj","47Sp18ftBOMIG96Rxo+M/y","9fH1kw4QJLBIJzAub+5j6R","c0Jq2R+6VFJ6bs1iHw6kRp","bbl3Oy0yxJArQV6JtAf1G1","dd/Mj7uRVIwJLACZ5jsC1P","c2n1IWiPZB7YyxU1u+rkld","3ftXjJRA9OOrS2h6pA3Yl/","56GY52W6VA6IXeeEcKAzlG","0aNXV5cIpMsp7JofTxNe/w","bexfy8dPpI45n4lEeICF5t"],["_textureSetter","1","2","3","4","5","6","7","8","9","10","11","12","13","14","15","16","17","18","19","20","21","22","23","24","25","26","27","28","29","30","31","32","33","34","35","36","37","38","39","40","41","42","43","44","45","46","47","48","49","50","51","52","53","54","55","56","57","58","59","60","61","62","63","64","65","66","67","68","69","70","71","72","73","74","75","76","77","78","79","80","81","82","83","84","85","86","87","88","89","90","91","92","93","94","95","96","97","98","99","100","101","102","103","104","105","106","107","108","109","lock"],["cc.SpriteFrame",["cc.SpriteAtlas",["_name","_spriteFrames"],2,11]],[[1,0,1,2]],[[[{"name":"64","rect":[237,775,66,39],"offset":[0,0],"originalSize":[66,39],"rotated":1,"capInsets":[0,0,0,0]}],[0],0,[0],[0],[0]],[[{"name":"43","rect":[817,773,57,243],"offset":[0,0],"originalSize":[57,243],"rotated":1,"capInsets":[0,0,0,0]}],[0],0,[0],[0],[0]],[[{"name":"42","rect":[278,648,57,243],"offset":[0,0],"originalSize":[57,243],"rotated":1,"capInsets":[0,0,0,0]}],[0],0,[0],[0],[0]],[[{"name":"109","rect":[1062,785,164,230],"offset":[0,0],"originalSize":[164,230],"rotated":1,"capInsets":[0,0,0,0]}],[0],0,[0],[0],[0]],[[{"name":"10","rect":[745,1249,50,70],"offset":[0,0],"originalSize":[50,70],"rotated":1,"capInsets":[0,0,0,0]}],[0],0,[0],[0],[0]],[[{"name":"29","rect":[428,1192,110,115],"offset":[0,0],"originalSize":[110,115],"rotated":1,"capInsets":[0,0,0,0]}],[0],0,[0],[0],[0]],[[{"name":"94","rect":[2,1002,21,148],"offset":[0,0],"originalSize":[21,148],"rotated":1,"capInsets":[0,0,0,0]}],[0],0,[0],[0],[0]],[[{"name":"3","rect":[1063,2,472,47],"offset":[0,0],"originalSize":[472,47],"capInsets":[0,0,0,0]}],[0],0,[0],[0],[0]],[[{"name":"88","rect":[667,1243,76,51],"offset":[0,0],"originalSize":[76,51],"capInsets":[0,0,0,0]}],[0],0,[0],[0],[0]],[[{"name":"46","rect":[354,1190,72,102],"offset":[0,0],"originalSize":[72,102],"capInsets":[0,0,0,0]}],[0],0,[0],[0],[0]],[[{"name":"68","rect":[278,810,230,164],"offset":[0,0],"originalSize":[230,164],"capInsets":[0,0,0,0]}],[0],0,[0],[0],[0]],[[{"name":"4","rect":[1537,2,461,345],"offset":[0,0],"originalSize":[461,345],"capInsets":[0,0,0,0]}],[0],0,[0],[0],[0]],[[{"name":"98","rect":[874,1193,81,49],"offset":[0,0],"originalSize":[81,49],"capInsets":[0,0,0,0]}],[0],0,[0],[0],[0]],[[{"name":"35","rect":[2,775,233,225],"offset":[0,0],"originalSize":[233,225],"capInsets":[0,0,0,0]}],[0],0,[0],[0],[0]],[[{"name":"54","rect":[1527,713,338,245],"offset":[0,0],"originalSize":[338,245],"capInsets":[0,0,0,0]}],[0],0,[0],[0],[0]],[[{"name":"47","rect":[550,1138,111,115],"offset":[0,0],"originalSize":[111,115],"rotated":1,"capInsets":[0,0,0,0]}],[0],0,[0],[0],[0]],[[{"name":"2","rect":[565,2,496,244],"offset":[0,0],"originalSize":[496,244],"capInsets":[0,0,0,0]}],[0],0,[0],[0],[0]],[[{"name":"86","rect":[119,1310,107,71],"offset":[0,0],"originalSize":[107,71],"capInsets":[0,0,0,0]}],[0],0,[0],[0],[0]],[[{"name":"11","rect":[974,1058,51,68],"offset":[0,0],"originalSize":[51,68],"rotated":1,"capInsets":[0,0,0,0]}],[0],0,[0],[0],[0]],[[{"name":"73","rect":[1044,951,188,101],"offset":[0,0],"originalSize":[188,101],"capInsets":[0,0,0,0]}],[0],0,[0],[0],[0]],[[{"name":"28","rect":[363,1075,113,65],"offset":[0,0],"originalSize":[113,65],"rotated":1,"capInsets":[0,0,0,0]}],[0],0,[0],[0],[0]],[[{"name":"58","rect":[896,731,35,35],"offset":[0,0],"originalSize":[35,35],"capInsets":[0,0,0,0]}],[0],0,[0],[0],[0]],[[{"name":"80","rect":[1867,899,104,29],"offset":[0,0],"originalSize":[104,29],"rotated":1,"capInsets":[0,0,0,0]}],[0],0,[0],[0],[0]],[[{"name":"48","rect":[1425,806,100,102],"offset":[0,0],"originalSize":[100,102],"capInsets":[0,0,0,0]}],[0],0,[0],[0],[0]],[[{"name":"107","rect":[1441,51,94,147],"offset":[0,0],"originalSize":[94,147],"capInsets":[0,0,0,0]}],[0],0,[0],[0],[0]],[[{"name":"7","rect":[1044,832,16,67],"offset":[0,0],"originalSize":[16,67],"capInsets":[0,0,0,0]}],[0],0,[0],[0],[0]],[[{"name":"18","rect":[2,1091,118,63],"offset":[0,0],"originalSize":[118,63],"capInsets":[0,0,0,0]}],[0],0,[0],[0],[0]],[[{"name":"32","rect":[618,1296,60,60],"offset":[0,0],"originalSize":[60,60],"capInsets":[0,0,0,0]}],[0],0,[0],[0],[0]],[[{"name":"41","rect":[2000,201,39,243],"offset":[0,0],"originalSize":[39,243],"capInsets":[0,0,0,0]}],[0],0,[0],[0],[0]],[[{"name":"101","rect":[935,248,144,125],"offset":[0,0],"originalSize":[144,125],"rotated":1,"capInsets":[0,0,0,0]}],[0],0,[0],[0],[0]],[[{"name":"50","rect":[120,1205,103,108],"offset":[0,0],"originalSize":[103,108],"rotated":1,"capInsets":[0,0,0,0]}],[0],0,[0],[0],[0]],[[{"name":"51","rect":[552,868,175,48],"offset":[0,0],"originalSize":[175,48],"capInsets":[0,0,0,0]}],[0],0,[0],[0],[0]],[[{"name":"82","rect":[237,911,67,36],"offset":[0,0],"originalSize":[67,36],"rotated":1,"capInsets":[0,0,0,0]}],[0],0,[0],[0],[0]],[[{"name":"100","rect":[935,394,38,125],"offset":[0,0],"originalSize":[38,125],"rotated":1,"capInsets":[0,0,0,0]}],[0],0,[0],[0],[0]],[[{"name":"108","rect":[1898,818,192,148],"offset":[0,0],"originalSize":[192,148],"rotated":1,"capInsets":[0,0,0,0]}],[0],0,[0],[0],[0]],[[{"name":"76","rect":[552,974,95,167],"offset":[0,0],"originalSize":[107,169],"rotated":1,"capInsets":[0,0,0,0]}],[0],0,[0],[0],[0]],[[{"name":"1","rect":[2,2,561,246],"offset":[0,0],"originalSize":[561,246],"capInsets":[0,0,0,0]}],[0],0,[0],[0],[0]],[[{"name":"96","rect":[1201,1153,28,67],"offset":[0,0],"originalSize":[28,67],"capInsets":[0,0,0,0]}],[0],0,[0],[0],[0]],[[{"name":"62","rect":[290,326,270,57],"offset":[0,0],"originalSize":[270,57],"capInsets":[0,0,0,0]}],[0],0,[0],[0],[0]],[[{"name":"39","rect":[771,1193,101,54],"offset":[0,0],"originalSize":[101,54],"capInsets":[0,0,0,0]}],[0],0,[0],[0],[0]],[[{"name":"69","rect":[806,1058,68,166],"offset":[0,0],"originalSize":[68,166],"rotated":1,"capInsets":[0,0,0,0]}],[0],0,[0],[0],[0]],[[{"name":"61","rect":[2000,72,42,42],"offset":[0,0],"originalSize":[42,42],"capInsets":[0,0,0,0]}],[0],0,[0],[0],[0]],[[{"name":"81","rect":[1899,528,146,35],"offset":[0,0],"originalSize":[146,35],"capInsets":[0,0,0,0]}],[0],0,[0],[0],[0]],[[{"name":"87","rect":[523,648,104,28],"offset":[0,0],"originalSize":[104,28],"rotated":1,"capInsets":[0,0,0,0]}],[0],0,[0],[0],[0]],[[{"name":"36","rect":[1063,51,376,367],"offset":[0,0],"originalSize":[376,367],"capInsets":[0,0,0,0]}],[0],0,[0],[0],[0]],[[{"name":"34","rect":[2000,446,36,36],"offset":[0,0],"originalSize":[36,36],"capInsets":[0,0,0,0]}],[0],0,[0],[0],[0]],[[[0,"common_3.plist",[{},"1",6,0,"2",6,1,"3",6,2,"4",6,3,"5",6,4,"6",6,5,"7",6,6,"8",6,7,"9",6,8,"10",6,9,"11",6,10,"12",6,11,"13",6,12,"14",6,13,"15",6,14,"16",6,15,"17",6,16,"18",6,17,"19",6,18,"20",6,19,"21",6,20,"22",6,21,"23",6,22,"24",6,23,"25",6,24,"26",6,25,"27",6,26,"28",6,27,"29",6,28,"30",6,29,"31",6,30,"32",6,31,"33",6,32,"34",6,33,"35",6,34,"36",6,35,"37",6,36,"38",6,37,"39",6,38,"40",6,39,"41",6,40,"42",6,41,"43",6,42,"44",6,43,"45",6,44,"46",6,45,"47",6,46,"48",6,47,"49",6,48,"50",6,49,"51",6,50,"52",6,51,"53",6,52,"54",6,53,"55",6,54,"56",6,55,"57",6,56,"58",6,57,"59",6,58,"60",6,59,"61",6,60,"62",6,61,"63",6,62,"64",6,63,"65",6,64,"66",6,65,"67",6,66,"68",6,67,"69",6,68,"70",6,69,"71",6,70,"72",6,71,"73",6,72,"74",6,73,"75",6,74,"76",6,75,"77",6,76,"78",6,77,"79",6,78,"80",6,79,"81",6,80,"82",6,81,"83",6,82,"84",6,83,"85",6,84,"86",6,85,"87",6,86,"88",6,87,"89",6,88,"90",6,89,"91",6,90,"92",6,91,"93",6,92,"94",6,93,"95",6,94,"96",6,95,"97",6,96,"98",6,97,"99",6,98,"100",6,99,"101",6,100,"102",6,101,"103",6,102,"104",6,103,"105",6,104,"106",6,105,"107",6,106,"108",6,107,"109",6,108,"lock",6,109]]],0,0,[0,0,0,0,0,0,0,0,0,0,0,0,0,0,0,0,0,0,0,0,0,0,0,0,0,0,0,0,0,0,0,0,0,0,0,0,0,0,0,0,0,0,0,0,0,0,0,0,0,0,0,0,0,0,0,0,0,0,0,0,0,0,0,0,0,0,0,0,0,0,0,0,0,0,0,0,0,0,0,0,0,0,0,0,0,0,0,0,0,0,0,0,0,0,0,0,0,0,0,0,0,0,0,0,0,0,0,0,0,0],[1,2,3,4,5,6,7,8,9,10,11,12,13,14,15,16,17,18,19,20,21,22,23,24,25,26,27,28,29,30,31,32,33,34,35,36,37,38,39,40,41,42,43,44,45,46,47,48,49,50,51,52,53,54,55,56,57,58,59,60,61,62,63,64,65,66,67,68,69,70,71,72,73,74,75,76,77,78,79,80,81,82,83,84,85,86,87,88,89,90,91,92,93,94,95,96,97,98,99,100,101,102,103,104,105,106,107,108,109,110],[1,2,3,4,5,6,7,8,9,10,11,12,13,14,15,16,17,18,19,20,21,22,23,24,25,26,27,28,29,30,31,32,33,34,35,36,37,38,39,40,41,42,43,44,45,46,47,48,49,50,51,52,53,54,55,56,57,58,59,60,61,62,63,64,65,66,67,68,69,70,71,72,73,74,75,76,77,78,79,80,81,82,83,84,85,86,87,88,89,90,91,92,93,94,95,96,97,98,99,100,101,102,103,104,105,106,107,108,109,110]],[[{"name":"40","rect":[817,832,225,224],"offset":[0,0],"originalSize":[225,224],"capInsets":[0,0,0,0]}],[0],0,[0],[0],[0]],[[{"name":"95","rect":[237,843,38,66],"offset":[0,0],"originalSize":[38,66],"capInsets":[0,0,0,0]}],[0],0,[0],[0],[0]],[[{"name":"72","rect":[273,1004,69,151],"offset":[0,0],"originalSize":[69,151],"rotated":1,"capInsets":[0,0,0,0]}],[0],0,[0],[0],[0]],[[{"name":"60","rect":[2000,116,42,42],"offset":[0,0],"originalSize":[42,42],"capInsets":[0,0,0,0]}],[0],0,[0],[0],[0]],[[{"name":"57","rect":[554,614,252,261],"offset":[0,0],"originalSize":[252,261],"rotated":1,"capInsets":[0,0,0,0]}],[0],0,[0],[0],[0]],[[{"name":"92","rect":[230,1158,122,105],"offset":[0,0],"originalSize":[122,113],"capInsets":[0,0,0,0]}],[0],0,[0],[0],[0]],[[{"name":"37","rect":[565,248,368,364],"offset":[0,0],"originalSize":[368,364],"capInsets":[0,0,0,0]}],[0],0,[0],[0],[0]],[[{"name":"75","rect":[974,1111,67,165],"offset":[0,0],"originalSize":[77,167],"capInsets":[0,0,0,0]}],[0],0,[0],[0],[0]],[[{"name":"22","rect":[2,1273,115,114],"offset":[0,0],"originalSize":[115,114],"capInsets":[0,0,0,0]}],[0],0,[0],[0],[0]],[[{"name":"33","rect":[1899,494,32,147],"offset":[0,0],"originalSize":[32,147],"rotated":1,"capInsets":[0,0,0,0]}],[0],0,[0],[0],[0]],[[{"name":"16","rect":[430,1093,118,97],"offset":[0,0],"originalSize":[118,97],"capInsets":[0,0,0,0]}],[0],0,[0],[0],[0]],[[{"name":"8","rect":[519,754,31,220],"offset":[0,0],"originalSize":[31,220],"capInsets":[0,0,0,0]}],[0],0,[0],[0],[0]],[[{"name":"24","rect":[2000,446,36,36],"offset":[0,0],"originalSize":[36,36],"capInsets":[0,0,0,0]}],[0],0,[0],[0],[0]],[[{"name":"97","rect":[2000,2,68,43],"offset":[0,0],"originalSize":[68,43],"rotated":1,"capInsets":[0,0,0,0]}],[0],0,[0],[0],[0]],[[{"name":"74","rect":[1044,1054,97,176],"offset":[0,0],"originalSize":[97,176],"rotated":1,"capInsets":[0,0,0,0]}],[0],0,[0],[0],[0]],[[{"name":"45","rect":[667,1178,63,102],"offset":[0,0],"originalSize":[63,102],"rotated":1,"capInsets":[0,0,0,0]}],[0],0,[0],[0],[0]],[[{"name":"55","rect":[2,516,257,274],"offset":[0,0],"originalSize":[257,274],"rotated":1,"capInsets":[0,0,0,0]}],[0],0,[0],[0],[0]],[[{"name":"93","rect":[290,385,262,261],"offset":[0,0],"originalSize":[262,261],"capInsets":[0,0,0,0]}],[0],0,[0],[0],[0]],[[{"name":"102","rect":[2,250,264,286],"offset":[0,0],"originalSize":[264,286],"rotated":1,"capInsets":[0,0,0,0]}],[0],0,[0],[0],[0]],[[{"name":"6","rect":[278,707,239,51],"offset":[0,0],"originalSize":[239,51],"capInsets":[0,0,0,0]}],[0],0,[0],[0],[0]],[[{"name":"19","rect":[146,1087,116,82],"offset":[0,0],"originalSize":[116,82],"rotated":1,"capInsets":[0,0,0,0]}],[0],0,[0],[0],[0]],[[{"name":"30","rect":[237,980,80,34],"offset":[0,0],"originalSize":[80,34],"rotated":1,"capInsets":[0,0,0,0]}],[0],0,[0],[0],[0]],[[{"name":"85","rect":[1867,713,74,30],"offset":[0,0],"originalSize":[74,30],"rotated":1,"capInsets":[0,0,0,0]}],[0],0,[0],[0],[0]],[[{"name":"44","rect":[2,1025,64,142],"offset":[0,0],"originalSize":[64,142],"rotated":1,"capInsets":[0,0,0,0]}],[0],0,[0],[0],[0]],[[{"name":"5","rect":[1441,200,59,91],"offset":[0,0],"originalSize":[59,91],"rotated":1,"capInsets":[0,0,0,0]}],[0],0,[0],[0],[0]],[[{"name":"12","rect":[1527,349,370,362],"offset":[0,0],"originalSize":[370,362],"capInsets":[0,0,0,0]}],[0],0,[0],[0],[0]],[[{"name":"83","rect":[552,918,174,54],"offset":[0,0],"originalSize":[174,54],"capInsets":[0,0,0,0]}],[0],0,[0],[0],[0]],[[{"name":"78","rect":[1429,526,96,96],"offset":[0,0],"originalSize":[96,96],"capInsets":[0,0,0,0]}],[0],0,[0],[0],[0]],[[{"name":"59","rect":[2000,160,40,39],"offset":[0,0],"originalSize":[40,39],"capInsets":[0,0,0,0]}],[0],0,[0],[0],[0]],[[{"name":"104","rect":[551,1071,65,151],"offset":[0,0],"originalSize":[65,151],"rotated":1,"capInsets":[0,0,0,0]}],[0],0,[0],[0],[0]],[[{"name":"lock","rect":[704,1078,100,98],"offset":[0,0],"originalSize":[100,98],"capInsets":[0,0,0,0]}],[0],0,[0],[0],[0]],[[{"name":"71","rect":[230,1265,113,115],"offset":[0,0],"originalSize":[113,115],"rotated":1,"capInsets":[0,0,0,0]}],[0],0,[0],[0],[0]],[[{"name":"103","rect":[1294,976,123,124],"offset":[0,0],"originalSize":[123,124],"rotated":1,"capInsets":[0,0,0,0]}],[0],0,[0],[0],[0]],[[{"name":"17","rect":[1294,856,118,127],"offset":[0,0],"originalSize":[118,127],"rotated":1,"capInsets":[0,0,0,0]}],[0],0,[0],[0],[0]],[[{"name":"53","rect":[935,434,337,124],"offset":[0,0],"originalSize":[337,124],"rotated":1,"capInsets":[0,0,0,0]}],[0],0,[0],[0],[0]],[[{"name":"91","rect":[1441,299,225,84],"offset":[0,0],"originalSize":[225,84],"rotated":1,"capInsets":[0,0,0,0]}],[0],0,[0],[0],[0]],[[{"name":"106","rect":[1899,667,144,149],"offset":[0,0],"originalSize":[144,149],"capInsets":[0,0,0,0]}],[0],0,[0],[0],[0]],[[{"name":"79","rect":[1867,789,108,29],"offset":[0,0],"originalSize":[108,29],"rotated":1,"capInsets":[0,0,0,0]}],[0],0,[0],[0],[0]],[[{"name":"63","rect":[817,731,77,39],"offset":[0,0],"originalSize":[77,39],"capInsets":[0,0,0,0]}],[0],0,[0],[0],[0]],[[{"name":"56","rect":[290,250,74,270],"offset":[0,0],"originalSize":[74,270],"rotated":1,"capInsets":[0,0,0,0]}],[0],0,[0],[0],[0]],[[{"name":"77","rect":[1429,624,96,96],"offset":[0,0],"originalSize":[96,96],"capInsets":[0,0,0,0]}],[0],0,[0],[0],[0]],[[{"name":"21","rect":[817,614,116,115],"offset":[0,0],"originalSize":[116,115],"capInsets":[0,0,0,0]}],[0],0,[0],[0],[0]],[[{"name":"15","rect":[430,976,119,115],"offset":[0,0],"originalSize":[119,115],"capInsets":[0,0,0,0]}],[0],0,[0],[0],[0]],[[{"name":"13","rect":[1062,420,365,363],"offset":[0,0],"originalSize":[365,363],"capInsets":[0,0,0,0]}],[0],0,[0],[0],[0]],[[{"name":"14","rect":[729,868,123,84],"offset":[0,0],"originalSize":[123,84],"rotated":1,"capInsets":[0,0,0,0]}],[0],0,[0],[0],[0]],[[{"name":"84","rect":[1294,785,129,69],"offset":[0,0],"originalSize":[129,69],"capInsets":[0,0,0,0]}],[0],0,[0],[0],[0]],[[{"name":"20","rect":[2,1156,116,115],"offset":[0,0],"originalSize":[116,115],"capInsets":[0,0,0,0]}],[0],0,[0],[0],[0]],[[{"name":"66","rect":[721,993,83,83],"offset":[0,0],"originalSize":[83,83],"capInsets":[0,0,0,0]}],[0],0,[0],[0],[0]],[[{"name":"65","rect":[152,1002,83,83],"offset":[0,0],"originalSize":[83,83],"capInsets":[0,0,0,0]}],[0],0,[0],[0],[0]],[[{"name":"105","rect":[806,1128,63,150],"offset":[0,0],"originalSize":[63,150],"rotated":1,"capInsets":[0,0,0,0]}],[0],0,[0],[0],[0]],[[{"name":"9","rect":[545,1251,48,71],"offset":[0,0],"originalSize":[48,71],"rotated":1,"capInsets":[0,0,0,0]}],[0],0,[0],[0],[0]],[[{"name":"90","rect":[237,1075,124,81],"offset":[0,0],"originalSize":[124,81],"capInsets":[0,0,0,0]}],[0],0,[0],[0],[0]],[[{"name":"70","rect":[275,976,26,153],"offset":[0,0],"originalSize":[26,153],"rotated":1,"capInsets":[0,0,0,0]}],[0],0,[0],[0],[0]],[[{"name":"89","rect":[1234,951,58,59],"offset":[0,0],"originalSize":[58,59],"capInsets":[0,0,0,0]}],[0],0,[0],[0],[0]],[[{"name":"27","rect":[1899,349,143,99],"offset":[0,0],"originalSize":[143,99],"rotated":1,"capInsets":[0,0,0,0]}],[0],0,[0],[0],[0]],[[{"name":"31","rect":[874,1244,77,62],"offset":[0,0],"originalSize":[77,62],"capInsets":[0,0,0,0]}],[0],0,[0],[0],[0]],[[{"name":"26","rect":[1899,565,145,100],"offset":[0,0],"originalSize":[145,100],"capInsets":[0,0,0,0]}],[0],0,[0],[0],[0]],[[{"name":"52","rect":[278,760,235,48],"offset":[0,0],"originalSize":[235,48],"capInsets":[0,0,0,0]}],[0],0,[0],[0],[0]],[[{"name":"49","rect":[1423,910,102,102],"offset":[0,0],"originalSize":[102,102],"capInsets":[0,0,0,0]}],[0],0,[0],[0],[0]],[[{"name":"38","rect":[1234,1012,162,56],"offset":[0,0],"originalSize":[162,56],"rotated":1,"capInsets":[0,0,0,0]}],[0],0,[0],[0],[0]],[[{"name":"23","rect":[1429,722,96,82],"offset":[0,0],"originalSize":[96,82],"capInsets":[0,0,0,0]}],[0],0,[0],[0],[0]],[[{"name":"25","rect":[1043,1153,156,81],"offset":[0,0],"originalSize":[156,81],"capInsets":[0,0,0,0]}],[0],0,[0],[0],[0]],[[{"name":"67","rect":[1441,261,85,36],"offset":[0,0],"originalSize":[85,36],"capInsets":[0,0,0,0]}],[0],0,[0],[0],[0]],[[{"name":"99","rect":[347,1294,78,50],"offset":[0,0],"originalSize":[78,50],"capInsets":[0,0,0,0]}],[0],0,[0],[0],[0]]]]