[1,["d4+3K+m5dOYZJeHxUjn7SC","1eD7FJ+yZKPqrc6kG5Yh4y","598afFh5lCAL27KfmNN04O","d2wH8WPqJGV52ri5pvpBoB","e0ue/+Qh1NEZKLsyuGER8G","e6jo/Xjh5BhaYgYE4COKyl","16HRwaJ+5MLbtKVAIL5BPk","99TK1VA7RNr71Mh1RVDJXs","d4vJp2HMVMTrIXoWs5fiDH"],["_textureSetter","show_10000","show_Bg","show_bg1","show_effect","show_effect1","show_icon","show_title","show_title1"],["cc.SpriteFrame",["cc.SpriteAtlas",["_name","_spriteFrames"],2,11]],[[1,0,1,2]],[[[{"name":"show_icon","rect":[812,2,214,192],"offset":[0,0],"originalSize":[214,192],"rotated":1,"capInsets":[0,0,0,0]}],[0],0,[0],[0],[0]],[[{"name":"show_10000","rect":[812,218,320,97],"offset":[0,0],"originalSize":[320,97],"rotated":1,"capInsets":[0,0,0,0]}],[0],0,[0],[0],[0]],[[[0,"common.plist",[{},"show_10000",6,0,"show_Bg",6,1,"show_bg1",6,2,"show_effect",6,3,"show_effect1",6,4,"show_icon",6,5,"show_title",6,6,"show_title1",6,7]]],0,0,[0,0,0,0,0,0,0,0],[1,2,3,4,5,6,7,8],[1,2,3,4,5,6,7,8]],[[{"name":"show_Bg","rect":[2,2,808,326],"offset":[0,0],"originalSize":[808,326],"capInsets":[0,0,0,0]}],[0],0,[0],[0],[0]],[[{"name":"show_title","rect":[2,977,506,302],"offset":[0,0],"originalSize":[506,302],"capInsets":[0,0,0,0]}],[0],0,[0],[0],[0]],[[{"name":"show_bg1","rect":[2,330,802,322],"offset":[0,0],"originalSize":[802,322],"capInsets":[0,0,0,0]}],[0],0,[0],[0],[0]],[[{"name":"show_title1","rect":[2,654,540,321],"offset":[0,0],"originalSize":[540,321],"capInsets":[0,0,0,0]}],[0],0,[0],[0],[0]],[[{"name":"show_effect","rect":[806,540,229,211],"offset":[0,0],"originalSize":[229,211],"rotated":1,"capInsets":[0,0,0,0]}],[0],0,[0],[0],[0]],[[{"name":"show_effect1","rect":[544,771,453,268],"offset":[0,0],"originalSize":[453,268],"capInsets":[0,0,0,0]}],[0],0,[0],[0],[0]]]]