[1,["86SnyV3BlNeqSWkBVXZDt8","cdgzJUqRZIJ75/3QgnqTOS","63C3DWOCdMdZq2kgXGkf88","48H/yJWBpCALoVJFcxOUy8","9eUlXPQp9ImKnjpAJAX8Ul","37WhoodktHeoBqqxlJsPIC"],["_textureSetter","bet1","bet10","bet100","bet5","bet50"],["cc.SpriteFrame",["cc.SpriteAtlas",["_name","_spriteFrames"],2,11]],[[1,0,1,2]],[[[{"name":"bet50","rect":[380,2,368,364],"offset":[0,0],"originalSize":[368,364],"capInsets":[0,0,0,0]}],[0],0,[0],[0],[0]],[[{"name":"bet100","rect":[380,368,366,362],"offset":[0,0],"originalSize":[366,362],"capInsets":[0,0,0,0]}],[0],0,[0],[0],[0]],[[{"name":"bet10","rect":[2,371,365,363],"offset":[0,0],"originalSize":[365,363],"capInsets":[0,0,0,0]}],[0],0,[0],[0],[0]],[[[0,"bet.plist",[{},"bet1",6,0,"bet10",6,1,"bet100",6,2,"bet5",6,3,"bet50",6,4]]],0,0,[0,0,0,0,0],[1,2,3,4,5],[1,2,3,4,5]],[[{"name":"bet5","rect":[2,2,376,367],"offset":[0,0],"originalSize":[376,367],"capInsets":[0,0,0,0]}],[0],0,[0],[0],[0]],[[{"name":"bet1","rect":[2,2,376,367],"offset":[0,0],"originalSize":[376,367],"capInsets":[0,0,0,0]}],[0],0,[0],[0],[0]]]]