[1,["41Nqkcc5RL1a2dO0ltC1cm"],["_textureSetter"],["cc.SpriteFrame"],0,[[[{"name":"53","rect":[514,254,63,109],"offset":[0,0],"originalSize":[63,109],"capInsets":[19,74,19,19]}],[0],0,[0],[0],[0]],[[{"name":"7","rect":[376,254,210,68],"offset":[0,0],"originalSize":[210,68],"rotated":1,"capInsets":[0,0,0,0]}],[0],0,[0],[0],[0]],[[{"name":"auto_selectbg","rect":[2,976,46,47],"offset":[0,0],"originalSize":[46,47],"rotated":1,"capInsets":[0,0,0,0]}],[0],0,[0],[0],[0]],[[{"name":"26","rect":[155,972,50,50],"offset":[0,0],"originalSize":[50,50],"capInsets":[0,0,0,0]}],[0],0,[0],[0],[0]],[[{"name":"auto_select","rect":[548,223,28,28],"offset":[0,0],"originalSize":[28,28],"capInsets":[0,0,0,0]}],[0],0,[0],[0],[0]],[[{"name":"27","rect":[207,972,50,49],"offset":[0,0],"originalSize":[50,49],"rotated":1,"capInsets":[0,0,0,0]}],[0],0,[0],[0],[0]],[[{"name":"btnBg","rect":[171,619,235,56],"offset":[0,0],"originalSize":[235,56],"rotated":1,"capInsets":[143,8,7,8]}],[0],0,[0],[0],[0]]]]