[1,["80CFN9yTZO8L7B/D4uW0kC"],["_textureSetter"],["cc.SpriteFrame"],0,[[[{"name":"69","rect":[401,169,106,25],"offset":[0,0],"originalSize":[106,25],"capInsets":[0,0,0,0]}],[0],0,[0],[0],[0]],[[{"name":"17","rect":[253,240,139,32],"offset":[0,0],"originalSize":[139,32],"capInsets":[0,0,0,0]}],[0],0,[0],[0],[0]],[[{"name":"28","rect":[2,558,99,25],"offset":[0,0],"originalSize":[99,25],"capInsets":[0,0,0,0]}],[0],0,[0],[0],[0]],[[{"name":"59","rect":[252,463,88,22],"offset":[0,0],"originalSize":[88,22],"capInsets":[0,0,0,0]}],[0],0,[0],[0],[0]],[[{"name":"66","rect":[2,504,99,25],"offset":[0,0],"originalSize":[99,25],"capInsets":[0,0,0,0]}],[0],0,[0],[0],[0]],[[{"name":"70","rect":[402,142,106,25],"offset":[0,0],"originalSize":[106,25],"capInsets":[0,0,0,0]}],[0],0,[0],[0],[0]]]]