[1,["412dJq55RD7rqWliYj3pOY"],0,[["sp.SkeletonData",["_name","_atlasText","textureNames","_skeletonJson","textures"],-1,3]],[[0,0,1,2,3,4,5]],[[0,"skeleton","\nskeleton.png\nsize: 1450,91\nformat: RGBA8888\nfilter: Linear,Linear\nrepeat: none\nJILI/jili_00006\n  rotate: false\n  xy: 1381, 15\n  size: 43, 74\n  orig: 212, 87\n  offset: 0, 10\n  index: -1\nJILI/jili_00008\n  rotate: false\n  xy: 1212, 2\n  size: 69, 87\n  orig: 212, 87\n  offset: 0, 0\n  index: -1\nJILI/jili_00009\n  rotate: false\n  xy: 1126, 2\n  size: 84, 87\n  orig: 212, 87\n  offset: 0, 0\n  index: -1\nJILI/jili_00011\n  rotate: false\n  xy: 829, 2\n  size: 107, 87\n  orig: 212, 87\n  offset: 0, 0\n  index: -1\nJILI/jili_00012\n  rotate: false\n  xy: 567, 2\n  size: 128, 87\n  orig: 212, 87\n  offset: 0, 0\n  index: -1\nJILI/jili_00014\n  rotate: false\n  xy: 147, 2\n  size: 139, 87\n  orig: 212, 87\n  offset: 13, 0\n  index: -1\nJILI/jili_00015\n  rotate: false\n  xy: 2, 4\n  size: 143, 85\n  orig: 212, 87\n  offset: 27, 2\n  index: -1\nJILI/jili_00017\n  rotate: false\n  xy: 288, 4\n  size: 141, 85\n  orig: 212, 87\n  offset: 54, 2\n  index: -1\nJILI/jili_00018\n  rotate: false\n  xy: 431, 4\n  size: 134, 85\n  orig: 212, 87\n  offset: 71, 2\n  index: -1\nJILI/jili_00019\n  rotate: false\n  xy: 697, 4\n  size: 130, 85\n  orig: 212, 87\n  offset: 82, 2\n  index: -1\nJILI/jili_00021\n  rotate: false\n  xy: 938, 4\n  size: 99, 85\n  orig: 212, 87\n  offset: 113, 2\n  index: -1\nJILI/jili_00022\n  rotate: true\n  xy: 1039, 2\n  size: 87, 85\n  orig: 212, 87\n  offset: 125, 2\n  index: -1\nJILI/jili_00024\n  rotate: false\n  xy: 1283, 6\n  size: 51, 83\n  orig: 212, 87\n  offset: 161, 4\n  index: -1\nJILI/jili_00025\n  rotate: false\n  xy: 1336, 13\n  size: 43, 76\n  orig: 212, 87\n  offset: 169, 11\n  index: -1\nJILI/jili_00027\n  rotate: false\n  xy: 1426, 49\n  size: 22, 40\n  orig: 212, 87\n  offset: 190, 45\n  index: -1\n",["skeleton.png"],{"skeleton":{"hash":"iKFvBahmIgu8zvU/LjzOlN4vOhI","spine":"3.8.75","x":-106,"y":-43,"width":212,"height":87,"images":"","audio":""},"bones":[{"name":"root"},{"name":"bone","parent":"root","length":155.13,"rotation":-90}],"slots":[{"name":"JILI/jili_00000","bone":"root","blend":"additive"}],"skins":[{"name":"default","attachments":{"JILI/jili_00000":{"JILI/jili_00006":{"y":0.5,"width":212,"height":87},"JILI/jili_00008":{"y":0.5,"width":212,"height":87},"JILI/jili_00009":{"y":0.5,"width":212,"height":87},"JILI/jili_00011":{"y":0.5,"width":212,"height":87},"JILI/jili_00012":{"y":0.5,"width":212,"height":87},"JILI/jili_00014":{"y":0.5,"width":212,"height":87},"JILI/jili_00015":{"y":0.5,"width":212,"height":87},"JILI/jili_00017":{"y":0.5,"width":212,"height":87},"JILI/jili_00018":{"y":0.5,"width":212,"height":87},"JILI/jili_00019":{"y":0.5,"width":212,"height":87},"JILI/jili_00021":{"y":0.5,"width":212,"height":87},"JILI/jili_00022":{"y":0.5,"width":212,"height":87},"JILI/jili_00024":{"y":0.5,"width":212,"height":87},"JILI/jili_00025":{"y":0.5,"width":212,"height":87},"JILI/jili_00027":{"y":0.5,"width":212,"height":87}}}}],"animations":{"animation":{"slots":{"JILI/jili_00000":{"attachment":[{"name":"JILI/jili_00006"},{"time":0.1,"name":"JILI/jili_00008"},{"time":0.1667,"name":"JILI/jili_00009"},{"time":0.2333,"name":"JILI/jili_00011"},{"time":0.3,"name":"JILI/jili_00012"},{"time":0.3667,"name":"JILI/jili_00014"},{"time":0.4333,"name":"JILI/jili_00015"},{"time":0.5,"name":"JILI/jili_00017"},{"time":0.5667,"name":"JILI/jili_00018"},{"time":0.6333,"name":"JILI/jili_00019"},{"time":0.7,"name":"JILI/jili_00021"},{"time":0.7667,"name":"JILI/jili_00022"},{"time":0.8667,"name":"JILI/jili_00024"},{"time":0.9333,"name":"JILI/jili_00025"},{"time":1,"name":"JILI/jili_00027"}]}}}}},[0]]],0,0,[0],[-1],[0]]