[1,["c6VGuXrc1GA6fGR35pxkEn","beAzOk0cNG4r6xulsjjSLo","91HuuuLfpBgZ6Jda5QTcD2","ab9vbB5WZHua8hyFmNDH8g","fbun5WtyZMW4R7M8o4hE/O","ea6m24CFJI2KHDiaLEMV1d","7cMhhWhbNI3qS1ELkI7xAm","efw0nJBExBb5Q+E4foi6Nl","80rtryulBIfqRSLhEtbzM4","14rTqlqmRH2Jloo6czmgmT","80Nq31jFVMrJ2YT92jUhTL","6elz60dC5PrrEWEhiJ9Yow","94YqMm/GpM4JWweUCd26Ho","df9g3OxZJHUJPFmvJBw5s+","26wroDz61NjYhbYA+mmZww","6duZO4K5FAcLKcLXpZ9UA7","68CRwPccxNE7g3Uxdnbyg3","cbw1uP7gpBX4VZWDiIO5Ww","421AdRFwpKCqxgI/oLzkZ5"],["_textureSetter","1","2","3","4","5","6","7","8","9","10","11","12","game_1","game_2","game_3","game_4","game_5","game_6"],["cc.SpriteFrame",["cc.SpriteAtlas",["_name","_spriteFrames"],2,11]],[[1,0,1,2]],[[[[0,"game_2.plist",[{},"1",6,0,"2",6,1,"3",6,2,"4",6,3,"5",6,4,"6",6,5,"7",6,6,"8",6,7,"9",6,8,"10",6,9,"11",6,10,"12",6,11,"game_1",6,12,"game_2",6,13,"game_3",6,14,"game_4",6,15,"game_5",6,16,"game_6",6,17]]],0,0,[0,0,0,0,0,0,0,0,0,0,0,0,0,0,0,0,0,0],[1,2,3,4,5,6,7,8,9,10,11,12,13,14,15,16,17,18],[1,2,3,4,5,6,7,8,9,10,11,12,13,14,15,16,17,18]],[[{"name":"9","rect":[1142,195,260,789],"offset":[0,0],"originalSize":[260,789],"rotated":1,"capInsets":[0,0,0,0]}],[0],0,[0],[0],[0]],[[{"name":"game_2","rect":[1995,195,10,630],"offset":[0,0],"originalSize":[10,630],"capInsets":[0,0,0,0]}],[0],0,[0],[0],[0]],[[{"name":"game_6","rect":[2038,27,274,5],"offset":[0,0],"originalSize":[274,5],"rotated":1,"capInsets":[0,2,0,0]}],[0],0,[0],[0],[0]],[[{"name":"game_4","rect":[2,638,140,642],"offset":[0,0],"originalSize":[140,642],"rotated":1,"capInsets":[0,0,0,0]}],[0],0,[0],[0],[0]],[[{"name":"game_3","rect":[2014,2,27,23],"offset":[0,0],"originalSize":[27,23],"capInsets":[0,0,0,0]}],[0],0,[0],[0],[0]],[[{"name":"11","rect":[1464,457,261,290],"offset":[0,0],"originalSize":[261,290],"rotated":1,"capInsets":[0,0,0,0]}],[0],0,[0],[0],[0]],[[{"name":"6","rect":[1933,257,60,60],"offset":[0,0],"originalSize":[60,60],"capInsets":[0,0,0,0]}],[0],0,[0],[0],[0]],[[{"name":"10","rect":[646,638,263,286],"offset":[0,0],"originalSize":[263,286],"rotated":1,"capInsets":[0,0,0,0]}],[0],0,[0],[0],[0]],[[{"name":"8","rect":[2,322,1138,314],"offset":[0,0],"originalSize":[1138,314],"capInsets":[311,111,616,145]}],[0],0,[0],[0],[0]],[[{"name":"2","rect":[2,827,1113,288],"offset":[0,0],"originalSize":[1113,288],"rotated":1,"capInsets":[0,0,0,0]}],[0],0,[0],[0],[0]],[[{"name":"12","rect":[2014,27,261,22],"offset":[0,0],"originalSize":[261,22],"rotated":1,"capInsets":[0,0,0,0]}],[0],0,[0],[0],[0]],[[{"name":"3","rect":[1142,591,286,264],"offset":[0,0],"originalSize":[286,264],"capInsets":[0,0,0,0]}],[0],0,[0],[0],[0]],[[{"name":"1","rect":[2,2,1138,318],"offset":[0,0],"originalSize":[1138,318],"capInsets":[0,0,0,0]}],[0],0,[0],[0],[0]],[[{"name":"game_5","rect":[1142,457,320,132],"offset":[0,0],"originalSize":[320,132],"capInsets":[0,0,0,0]}],[0],0,[0],[0],[0]],[[{"name":"game_1","rect":[1142,2,191,870],"offset":[0,0],"originalSize":[191,870],"rotated":1,"capInsets":[0,0,0,0]}],[0],0,[0],[0],[0]],[[{"name":"5","rect":[1430,720,261,252],"offset":[0,0],"originalSize":[261,252],"capInsets":[0,0,0,0]}],[0],0,[0],[0],[0]],[[{"name":"7","rect":[1933,195,60,60],"offset":[0,0],"originalSize":[60,60],"capInsets":[0,0,0,0]}],[0],0,[0],[0],[0]],[[{"name":"4","rect":[292,780,262,261],"offset":[0,0],"originalSize":[262,261],"capInsets":[0,0,0,0]}],[0],0,[0],[0],[0]]]]