[1,["80CFN9yTZO8L7B/D4uW0kC"],["_textureSetter"],["cc.SpriteFrame"],0,[[[{"name":"58","rect":[2,474,28,102],"offset":[0,0],"originalSize":[28,102],"rotated":1,"capInsets":[0,0,0,0]}],[0],0,[0],[0],[0]],[[{"name":"68","rect":[401,196,102,30],"offset":[0,0],"originalSize":[102,30],"capInsets":[0,0,0,0]}],[0],0,[0],[0],[0]],[[{"name":"45","rect":[253,204,140,34],"offset":[0,0],"originalSize":[140,34],"capInsets":[0,0,0,0]}],[0],0,[0],[0],[0]],[[{"name":"20","rect":[2,289,132,30],"offset":[0,0],"originalSize":[132,30],"capInsets":[0,0,0,0]}],[0],0,[0],[0],[0]],[[{"name":"19","rect":[253,274,137,34],"offset":[0,0],"originalSize":[137,34],"capInsets":[0,0,0,0]}],[0],0,[0],[0],[0]],[[{"name":"51","rect":[390,324,120,30],"offset":[0,0],"originalSize":[120,30],"capInsets":[0,0,0,0]}],[0],0,[0],[0],[0]],[[{"name":"23","rect":[253,370,126,30],"offset":[0,0],"originalSize":[126,30],"capInsets":[0,0,0,0]}],[0],0,[0],[0],[0]]]]