[1,["80fF6eiyZLoJ8pGYI1994w"],0,[["sp.SkeletonData",["_name","_atlasText","textureNames","_skeletonJson","textures"],-1,3]],[[0,0,1,2,3,4,5]],[[0,"paly","\npaly.png\nsize: 122,134\nformat: RGBA8888\nfilter: Linear,Linear\nrepeat: none\nbut_play_bigliuguang\n  rotate: false\n  xy: 2, 54\n  size: 93, 48\n  orig: 95, 50\n  offset: 1, 1\n  index: -1\nbut_play_dguang\n  rotate: false\n  xy: 2, 2\n  size: 118, 50\n  orig: 128, 58\n  offset: 7, 1\n  index: -1\nbut_play_liuguang\n  rotate: false\n  xy: 2, 106\n  size: 79, 26\n  orig: 81, 28\n  offset: 1, 1\n  index: -1\nbut_play_star1\n  rotate: false\n  xy: 83, 104\n  size: 28, 28\n  orig: 30, 30\n  offset: 1, 1\n  index: -1\n",["paly.png"],{"skeleton":{"hash":"Oe/n0mvx4KzsC6TpcLQHitO+Fe4","spine":"3.8.75","x":-64.53,"y":-19.32,"width":129.03,"height":39.75,"images":"./images/","audio":"C:/Users/Windows10/Desktop/slots_1/play按钮动画"},"bones":[{"name":"root"},{"name":"bone","parent":"root","length":23.22,"rotation":-180,"x":109,"y":-19},{"name":"bone2","parent":"root","length":40.02,"rotation":-1.01,"x":-110,"y":19},{"name":"bone3","parent":"root","length":10.78,"rotation":122.14,"x":34.36,"y":-7.89},{"name":"bone4","parent":"root","length":16.8,"rotation":25.39,"x":-37.44,"y":8.58},{"name":"bone5","parent":"root","length":57.65,"rotation":-180},{"name":"bone6","parent":"root","length":60.08}],"slots":[{"name":"root","bone":"root","attachment":"root"},{"name":"but_play_dguang","bone":"root","attachment":"but_play_dguang","blend":"additive"},{"name":"but_play_liuguang","bone":"bone","attachment":"but_play_liuguang"},{"name":"but_play_liuguang3","bone":"bone2","attachment":"but_play_liuguang"},{"name":"but_play_bigliuguang","bone":"bone5","attachment":"but_play_bigliuguang"},{"name":"but_play_bigliuguang2","bone":"bone6","attachment":"but_play_bigliuguang"},{"name":"but_play_star1","bone":"bone4","attachment":"but_play_star1","blend":"additive"},{"name":"but_play_star3","bone":"bone3","attachment":"but_play_star1","blend":"additive"}],"skins":[{"name":"default","attachments":{"but_play_liuguang":{"but_play_liuguang":{"x":-1,"rotation":-180,"width":81,"height":28}},"but_play_bigliuguang":{"but_play_bigliuguang":{"x":20.72,"rotation":-180,"width":95,"height":50}},"but_play_bigliuguang2":{"but_play_bigliuguang":{"x":21.53,"scaleX":-1,"width":95,"height":50}},"but_play_liuguang3":{"but_play_liuguang":{"rotation":1.01,"width":81,"height":28}},"but_play_star3":{"but_play_star1":{"x":1.04,"y":-0.02,"rotation":-122.14,"width":30,"height":30}},"root":{"root":{"type":"clipping","end":"root","vertexCount":4,"color":"ce3a3aff","vertices":[-64.53,20.43,-64.31,-19.32,64.4,-19.21,64.49,20.32]}},"but_play_star1":{"but_play_star1":{"x":-0.32,"y":0.62,"rotation":-25.39,"width":30,"height":30}},"but_play_dguang":{"but_play_dguang":{"x":-1,"y":5,"width":128,"height":58}}}}],"animations":{"animation":{"slots":{"but_play_bigliuguang2":{"color":[{"color":"ffffff00","curve":0.25,"c3":0.75},{"time":0.5,"color":"ffffffff"}]},"but_play_star1":{"color":[{"color":"ffffff00","curve":0.25,"c3":0.75},{"time":0.4333,"color":"ffffff00","curve":0.25,"c3":0.75},{"time":0.6,"color":"ffffffff","curve":0.25,"c3":0.75},{"time":0.8333,"color":"ffffff00"}]},"but_play_star3":{"color":[{"color":"ffffff00","curve":"stepped"},{"time":0.5667,"color":"ffffff00","curve":0.25,"c3":0.75},{"time":0.7333,"color":"ffffffff","curve":0.25,"c3":0.75},{"time":0.9333,"color":"ffffff00"}]},"but_play_bigliuguang":{"color":[{"color":"ffffff00","curve":0.25,"c3":0.75},{"time":0.5,"color":"ffffffff"}]},"but_play_dguang":{"color":[{"color":"ffffff00","curve":0.25,"c3":0.75},{"time":0.1667,"color":"ffffffd2","curve":0.25,"c3":0.75},{"time":0.5,"color":"ffffff00"}]}},"bones":{"bone5":{"translate":[{"x":63.61,"curve":0.25,"c3":0.75},{"time":0.5,"x":-85.79}]},"bone6":{"translate":[{"x":-62.22,"curve":0.25,"c3":0.75},{"time":0.5,"x":86.21}]},"bone2":{"translate":[{"x":4.93,"curve":0.25,"c3":0.75},{"time":0.5,"x":197.12}]},"bone":{"translate":[{"x":-17.25,"curve":0.25,"c3":0.75},{"time":0.5,"x":-196.22}]},"bone4":{"rotate":[{"time":0.4333,"curve":0.25,"c3":0.75},{"time":0.8333,"angle":-85.61}]},"bone3":{"rotate":[{"time":0.5667,"curve":0.25,"c3":0.75},{"time":0.9333,"angle":128.31}]}}}}},[0]]],0,0,[0],[-1],[0]]