[1,["9fvgjEpGRMzYGQiSjUgRVX"],["_textureSetter"],["cc.SpriteFrame"],0,[[[{"name":"Rectangle 2031","rect":[2,2017,656,3],"offset":[0,0],"originalSize":[656,3],"capInsets":[0,0,0,0]}],[0],0,[0],[0],[0]],[[{"name":"Rectangle 1969_1","rect":[1098,2,146,65],"offset":[0,0],"originalSize":[146,65],"rotated":1,"capInsets":[0,0,0,0]}],[0],0,[0],[0],[0]],[[{"name":"Rectangle 2031_1","rect":[2,2017,656,3],"offset":[0,0],"originalSize":[656,3],"capInsets":[0,0,0,0]}],[0],0,[0],[0],[0]],[[{"name":"Rectangle 1977","rect":[1331,149,249,61],"offset":[0,0],"originalSize":[249,61],"capInsets":[0,0,0,0]}],[0],0,[0],[0],[0]],[[{"name":"Rectangle 1991","rect":[1988,2,402,58],"offset":[0,0],"originalSize":[402,58],"rotated":1,"capInsets":[0,0,0,0]}],[0],0,[0],[0],[0]],[[{"name":"Rectangle 1972","rect":[950,1839,192,65],"offset":[0,0],"originalSize":[192,65],"rotated":1,"capInsets":[0,0,0,0]}],[0],0,[0],[0],[0]],[[{"name":"Group 2067","rect":[1582,149,65,65],"offset":[0,0],"originalSize":[65,65],"capInsets":[0,0,0,0]}],[0],0,[0],[0],[0]],[[{"name":"Rectangle 1981","rect":[1705,86,249,116],"offset":[0,0],"originalSize":[249,116],"capInsets":[0,0,0,0]}],[0],0,[0],[0],[0]],[[{"name":"Rectangle 2042_2","rect":[724,1839,111,192],"offset":[0,0],"originalSize":[111,192],"capInsets":[8,7,7,10]}],[0],0,[0],[0],[0]],[[{"name":"Rectangle 1975","rect":[1331,212,249,61],"offset":[0,0],"originalSize":[249,61],"capInsets":[0,0,0,0]}],[0],0,[0],[0],[0]],[[{"name":"Group 2254_1","rect":[1017,1839,312,156],"offset":[0,0],"originalSize":[312,156],"capInsets":[0,0,0,0]}],[0],0,[0],[0],[0]],[[{"name":"Rectangle 1978","rect":[724,120,372,61],"offset":[0,0],"originalSize":[372,61],"capInsets":[0,0,0,0]}],[0],0,[0],[0],[0]],[[{"name":"Rectangle 1974","rect":[2,1182,655,833],"offset":[0,0],"originalSize":[655,833],"capInsets":[7,8,7,8]}],[0],0,[0],[0],[0]],[[{"name":"Rectangle 2041_1","rect":[837,1839,111,192],"offset":[0,0],"originalSize":[111,192],"capInsets":[8,7,7,10]}],[0],0,[0],[0],[0]],[[{"name":"Rectangle 1965_1","rect":[659,1182,655,514],"offset":[0,0],"originalSize":[655,514],"rotated":1,"capInsets":[0,0,0,0]}],[0],0,[0],[0],[0]],[[{"name":"Rectangle 1969","rect":[1175,107,146,65],"offset":[0,0],"originalSize":[146,65],"capInsets":[0,0,0,0]}],[0],0,[0],[0],[0]],[[{"name":"Rectangle 1982","rect":[724,2,372,116],"offset":[0,0],"originalSize":[372,116],"capInsets":[0,0,0,0]}],[0],0,[0],[0],[0]],[[{"name":"Rectangle 1976","rect":[1331,86,372,61],"offset":[0,0],"originalSize":[372,61],"capInsets":[0,0,0,0]}],[0],0,[0],[0],[0]],[[{"name":"Group 2255_1","rect":[724,183,312,300],"offset":[0,0],"originalSize":[312,300],"capInsets":[0,66,0,9]}],[0],0,[0],[0],[0]],[[{"name":"Rectangle 1965","rect":[1331,2,655,82],"offset":[0,0],"originalSize":[655,82],"capInsets":[0,0,0,0]}],[0],0,[0],[0],[0]],[[{"name":"Group 2068","rect":[1098,150,65,65],"offset":[0,0],"originalSize":[65,65],"capInsets":[0,0,0,0]}],[0],0,[0],[0],[0]],[[{"name":"Rectangle 1966","rect":[2,2,720,1178],"offset":[0,0],"originalSize":[720,1178],"capInsets":[0,0,0,0]}],[0],0,[0],[0],[0]],[[{"name":"Group 2065","rect":[659,1839,169,63],"offset":[0,0],"originalSize":[169,69],"rotated":1,"capInsets":[0,0,0,0]}],[0],0,[0],[0],[0]]]]