[1,["ecpdLyjvZBwrvm+cedCcQy","f6Q3T42JBIP75G9qiDR8mq","950c/0kp5Bm5UaGXeqDl5J","c9OrcsO5dLvYg4YO6W541Z","4eUFGFibhANKQzKSx5HFhd","30W+6yCwpLt4LFCjLzVZ7B","a2MjXRFdtLlYQ5ouAFv/+R","21sLHf2+xOc55mopszCzul","36A37kMGZME4N5DKrKJpVb","29sLOjT/VGybS9rrSqj6+p","02sZkn/FZEtIILIk8Jh6jb","e1sXdTN4FOfLJaXid9N9hI","d1U5e5naNP1K5yZExa2xFB","692tQ5rV9HhK4RkQ3Ydif+","90kc9HaE9O7rOm/i+7LWHG","3cqSlbQUpH6KIVvidFX6/O","fbnCZw5phBjqmcE5JhHS06","6c8KaMG4NHpo1uNeE4K8LC","a6nhaKadNJurhCfxMxxXWb","b1vxAmlU1KdrQhOgyS+0Pw","81jp6tCQVCZYqQRk++5QIJ","ffSH00muZBVphc7eIRFfQ+"],["node","_spriteFrame","checkMark","_N$target","_textureSetter","_parent","_N$normalSprite","_N$pressedSprite","_N$hoverSprite","_N$disabledSprite","root","main","mask","featuresToggle","featuresNode","favoritesNode","favoritesToggle","data"],[["cc.Node",["_name","_active","_opacity","_objFlags","_prefab","_components","_contentSize","_parent","_trs","_children","_anchorPoint","_color","_eulerAngles"],-1,4,9,5,1,7,2,5,5,5],["cc.Node",["_name","_active","_objFlags","_parent","_components","_prefab","_contentSize","_children","_trs","_eulerAngles"],0,1,2,4,5,2,7,5],["cc.Sprite",["_sizeMode","_type","_isTrimmedMode","node","_materials","_spriteFrame"],0,1,3,6],["cc.Widget",["_alignFlags","_left","_originalWidth","_originalHeight","_right","_top","_bottom","alignMode","node"],-5,1],["cc.Button",["_N$transition","node","clickEvents","_N$normalColor","_N$pressedColor","_N$disabledColor","_N$target","_N$normalSprite","_N$pressedSprite","_N$hoverSprite","_N$disabledSprite"],2,1,9,5,5,5,1,6,6,6,6],"cc.SpriteFrame",["cc.PrefabInfo",["fileId","root","asset"],2,1,1],["cc.Layout",["_N$layoutType","_N$spacingX","node"],1,1],["cc.Toggle",["_N$transition","_N$isChecked","node","_N$normalColor","_N$target","checkMark"],1,1,5,1,1],["cc.Label",["_string","_fontSize","_lineHeight","_isSystemFontUsed","_N$verticalAlign","_N$horizontalAlign","node","_materials"],-3,1,3],["cc.Prefab",["_name"],2],["a110dDxWJNOjoXyzMp1fTzK",["node","favoritesToggle","favoritesNode","featuresNode","featuresToggle","mask","main"],3,1,1,1,1,1,1,1],["cc.ClickEvent",["_componentId","handler","target"],1,1],["cc.ToggleContainer",["node","checkEvents"],3,1,9]],[[6,0,1,2,2],[2,3,4,5,1],[0,0,7,5,4,6,8,2],[0,0,7,9,5,4,6,8,2],[2,0,2,3,4,3],[0,0,3,7,5,4,6,8,3],[9,0,1,2,3,5,4,6,7,7],[2,1,0,2,3,4,4],[8,0,1,2,3,4,5,3],[1,0,2,1,3,4,5,6,8,9,4],[2,1,0,3,4,5,3],[3,0,8,2],[12,0,1,2,3],[8,0,2,3,4,5,2],[0,0,3,5,4,6,3],[0,0,7,9,5,4,6,2],[0,0,7,5,4,11,6,8,2],[0,0,2,7,5,4,6,8,3],[1,0,2,3,4,5,6,8,9,3],[2,0,3,4,5,2],[3,0,1,4,5,6,2,3,8,8],[3,7,0,2,3,8,5],[10,0,2],[0,0,9,5,4,6,2],[0,0,7,9,5,4,8,2],[0,0,7,9,4,6,10,8,2],[0,0,7,9,5,4,6,10,8,2],[0,0,1,7,9,4,6,10,8,3],[0,0,1,7,9,5,4,3],[0,0,2,7,5,4,11,6,3],[0,0,7,5,4,6,8,12,2],[0,0,1,7,5,4,6,8,3],[1,0,1,3,7,4,5,6,8,3],[1,0,3,7,4,5,6,8,2],[1,0,1,3,7,4,5,6,3],[1,0,3,7,4,5,6,2],[11,0,1,2,3,4,5,6,1],[6,1,2,1],[2,1,0,3,4,3],[3,0,1,8,3],[3,0,1,4,2,3,8,6],[3,0,5,8,3],[7,0,1,2,3],[7,0,2,2],[4,1,2,1],[4,0,1,2,3,4,5,6,7,8,9,10,2],[4,0,1,3,4,5,6,7,8,9,10,2],[13,0,1,1],[9,0,1,2,3,4,6,7,6]],[[[{"name":"image1","rect":[0,0,376,220],"offset":[0,0],"originalSize":[376,220],"capInsets":[0,0,0,0]}],[5],0,[0],[4],[5]],[[[22,"WinMoreView"],[23,"WinMoreView",[-9,-10,-11],[[36,-8,-7,-6,-5,-4,-3,-2]],[37,-1,0],[5,390,844]],[24,"view",1,[-14,-15,-16,-17,-18,-19,-20],[[7,1,0,false,-12,[63]],[20,18,32.5,32.5,39.5,39.5,655,1398,-13]],[0,"fb3sFmtxZDS5GpYrJznuY6",1,0],[0,0,0,0,0,0,1,0,0,1]],[25,"featuresNode",2,[-21,-22,-23,-24,-25,-26,-27],[0,"89PANx+ltPjaYyadhtDg9C",1,0],[5,300,540],[0,0,1],[-111.648,246.639,0,0,0,0,1,1,1,1]],[26,"levelNode",3,[-30,-31,-32,-33,-34],[[39,8,121.361,-28],[42,1,-8,-29]],[0,"49fnYLJIRD3J10s74el6Cg",1,0],[5,60,20],[0,0,0.5],[121.361,-72.157,0,0,0,0,1,1,1,1]],[27,"favoritesNode",false,2,[-35,-36,-37,-38,-39],[0,"dc6cK3r7tERodnFxBfMlcw",1,0],[5,300,540],[0,0,1],[-111.648,246.639,0,0,0,0,1,1,1,1]],[28,"view1",false,1,[-42,-43,-44],[[7,1,0,false,-40,[67]],[20,18,32.5,32.5,39.5,39.5,655,1398,-41]],[0,"4ad3acQ11FhbqgMI6W5gjj",1,0]],[29,"mask",0,1,[[19,0,-45,[0],1],[40,45,-90,-90,100,100,-46],[44,-47,[[12,"e0bcat+wDxDY6+/OxROymAK","hide",1]]]],[0,"b6LK8LZYpAxZ+BGSbGpZTT",1,0],[4,4278190080],[5,570,844]],[3,"menuNode",2,[-50,-51],[[47,-48,[[12,"a110dDxWJNOjoXyzMp1fTzK","changeView",1]]],[43,2,-49]],[0,"27O20e29hGXKDGUAbxJBYb",1,0],[5,80,200],[-155.022,153.001,0,0,0,0,1,1,1,1]],[32,"favorites",false,8,[-53,-54],[-52],[0,"13VgxbKnxPfYIvOkyydRL6",1,0],[5,80,56],[0,72,0,0,0,0,1,1,1,0]],[33,"features",8,[-56,-57],[-55],[0,"8ayGkih3VBnYyVP3j1y0cG",1,0],[5,80,56],[0,72,0,0,0,0,1,1,1,0]],[14,"Background",512,[[10,1,0,-58,[8],9],[21,0,45,100,40,-59]],[0,"aaUM9QC7VFq7WhzeEreoJC",1,0],[5,30,30]],[14,"Background",512,[[10,1,0,-60,[32],33],[21,0,45,100,40,-61]],[0,"b6bSKtFtJDjrdNAYuRj4zl",1,0],[5,38,39]],[3,"level_1",4,[-65,-66],[[13,3,-64,[4,4292269782],-63,-62]],[0,"2fVyJJJixJmadIjc8dP80g",1,0],[5,28,28],[14,0,0,0,0,0,1,0.6,0.6,0.6]],[3,"level_2",4,[-70,-71],[[13,3,-69,[4,4292269782],-68,-67]],[0,"9ebmJbEERI/p1J+S/rwTZ4",1,0],[5,28,28],[34,0,0,0,0,0,1,0.6,0.6,0.6]],[3,"level_3",4,[-75,-76],[[8,3,false,-74,[4,4292269782],-73,-72]],[0,"84ze3cSG9CXKCrEU/AbDSI",1,0],[5,28,28],[54,0,0,0,0,0,1,0.6,0.6,0.6]],[3,"level_4",4,[-80,-81],[[8,3,false,-79,[4,4292269782],-78,-77]],[0,"57uokKH4VMcLOJJOhI0WqJ",1,0],[5,28,28],[74,0,0,0,0,0,1,0.6,0.6,0.6]],[3,"level_5",4,[-85,-86],[[8,3,false,-84,[4,4292269782],-83,-82]],[0,"9cBLFIDSFDfpRH0AabXBhr",1,0],[5,28,28],[94,0,0,0,0,0,1,0.6,0.6,0.6]],[3,"closeBtn",2,[11],[[45,2,-87,[[12,"a110dDxWJNOjoXyzMp1fTzK","hide",1]],[4,4293322470],[4,4291348680],[4,3363338360],11,10,11,12,13]],[0,"a7vdErmZBFJp8ThdZH2t/x",1,0],[5,30,30],[175,262.677,0,0,0,0,1,0.6,0.6,1]],[15,"Background",9,[-89],[[4,2,false,-88,[16]]],[0,"726Hkv3d9LRKKCHmYCwrng",1,0],[5,32,32]],[34,"checkmark",false,9,[-91],[-90],[0,"705FMs+elFGrl80UXbYieS",1,0],[5,80,56]],[15,"Background",10,[-93],[[4,2,false,-92,[22]]],[0,"843I3gjJRI8IW2vxgHeX/k",1,0],[5,32,32]],[35,"checkmark",10,[-95],[-94],[0,"89FeqzvgtE55nOh3C/i+Ne",1,0],[5,80,56]],[2,"icon",5,[[1,-96,[29],30],[11,16,-97]],[0,"adWp3BDL9MvpbElLBvy8on",1,0],[5,82,82],[150,-243,0,0,0,0,1,0.6,0.6,1]],[3,"moreBtn",5,[12],[[46,2,-98,[4,4293322470],[4,4291348680],[4,3363338360],12,34,35,36,37]],[0,"93yheon9RDWo4SeYvfsubi",1,0],[5,38,39],[288.289,-8.81,0,0,0,0,1,0.6,0.6,0.6]],[2,"bg",3,[[1,-99,[38],39],[11,16,-100]],[0,"78WHkr3vBAwoZmLOUmqAcX",1,0],[5,376,220],[150,-176,0,0,0,0,1,0.6,0.6,1]],[2,"bg1",3,[[1,-101,[40],41],[11,16,-102]],[0,"caPCKDxoNL36jFn7bxUNN+",1,0],[5,376,220],[150,-368,0,0,0,0,1,0.6,0.6,0.6]],[5,"Background",512,13,[[1,-103,[44],45]],[0,"6dpY6FLLFGf78cy2eoheQ9",1,0],[5,30,28],[0,0,0,0,0,0,1,1,1,0]],[5,"Background",512,14,[[1,-104,[47],48]],[0,"9ekNtke1pMeYik6mBM8wcG",1,0],[5,30,28],[0,0,0,0,0,0,1,1,1,0]],[5,"Background",512,15,[[1,-105,[50],51]],[0,"1aDRd5HzpDVrnVla+B2ZiE",1,0],[5,30,28],[0,0,0,0,0,0,1,1,1,0]],[5,"Background",512,16,[[1,-106,[53],54]],[0,"b1q54+mp9F2bAsRZW2YDBZ",1,0],[5,30,28],[0,0,0,0,0,0,1,1,1,0]],[5,"Background",512,17,[[1,-107,[56],57]],[0,"e7QiiIDkhOvo9m29fQdKKR",1,0],[5,30,28],[0,0,0,0,0,0,1,1,1,0]],[2,"logo",3,[[1,-108,[59],60],[41,1,10.5,-109]],[0,"e1HgCGf75AQqmaSNS3rxhW",1,0],[5,280,86],[151,-27.7,0,0,0,0,1,0.4,0.4,1]],[2,"bg",2,[[10,1,0,-110,[2],3]],[0,"c6d6dDduNFRLWiJnNrvJnP",1,0],[5,790,980],[0,-10,0,0,0,0,1,0.5,0.6,1]],[2,"logo",2,[[1,-111,[4],5]],[0,"11OmVkZ01ORpr6L3s/PlTj",1,0],[5,230,97],[-161.817,262.966,0,0,0,0,1,0.21,0.2,1]],[2,"title",2,[[1,-112,[6],7]],[0,"24h+JcECFELZUnbxXlAAA0",1,0],[5,139,32],[1,263,0,0,0,0,1,0.6,0.6,1]],[2,"51",19,[[1,-113,[14],15]],[0,"70q+ZNllVGvKviUmcaiWDK",1,0],[5,106,25],[0,-1,0,0,0,0,1,0.5,0.5,1]],[2,"23",20,[[1,-114,[17],18]],[0,"b1sDpqDk5CMo8+5PZ0doep",1,0],[5,106,25],[0,-1,0,0,0,0,1,0.5,0.5,1]],[7,1,0,false,20,[19]],[8,3,false,9,[4,4292269782],9,38],[2,"51",21,[[1,-115,[20],21]],[0,"2befELb15KUIMPuhcfNaqc",1,0],[5,99,25],[0,-1,0,0,0,0,1,0.5,0.5,1]],[2,"23",22,[[1,-116,[23],24]],[0,"f30w+z911Ac6+Xdd3uYmSn",1,0],[5,99,25],[0,-1,0,0,0,0,1,0.5,0.5,1]],[7,1,0,false,22,[25]],[13,3,10,[4,4292269782],10,42],[30,"bg",5,[[19,0,-117,[26],27]],[0,"a9PuDcGqtMiZ+dH68O/hFT",1,0],[5,42,300],[150.269,-21.406,0,0,0,0.7071067811865475,0.7071067811865476,1,1,1],[1,0,0,90]],[16,"titleLabel",5,[[6,"Click GAME to play now!",12,13,false,1,1,-118,[28]]],[0,"c9s0VNVNFHobuTEFpslvFB",1,0],[4,4279159262],[5,141.05,16.38],[148.894,-20.617,0,0,0,0,1,1,1,1]],[17,"titleLabel",200,5,[[6,"No games in your Favorites\nTap hero to add now!",20,25,false,1,1,-119,[31]]],[0,"ebrGA6rXBBCYA3QsxqWHFX",1,0],[5,262.66,56.5],[148.894,-284.617,0,0,0,0,1,1,1,1]],[2,"tip_1",3,[[6,"Up Bet to get more rewards",12,13,false,1,1,-120,[42]]],[0,"18HxObfE1JBYYbjzyUSNIQ",1,0],[5,146.73,16.38],[155.648,-261.644,0,0,0,0,1,1,1,1]],[2,"tip_2",3,[[6,"Lucky Wheel 100% Winning",12,13,false,1,1,-121,[43]]],[0,"60mXLRxA9FQ4/04l9PyCY9",1,0],[5,149.41,16.38],[155.648,-456.644,0,0,0,0,1,1,1,1]],[18,"checkmark",512,13,[-122],[0,"0b2jCw2MJCqJtItaV7vgl5",1,0],[5,27,30],[0,0,0,0,0,0.7193398003386512,0.6946583704589973,1,1,1],[1,0,0,92]],[4,2,false,49,[46]],[18,"checkmark",512,14,[-123],[0,"f97I1ZCdFGjIoxihR9b1R9",1,0],[5,27,30],[0,0,0,0,0,0.7193398003386512,0.6946583704589973,1,1,1],[1,0,0,92]],[4,2,false,51,[49]],[9,"checkmark",512,false,15,[-124],[0,"24xDaVx/NAroXS0WXfuTxH",1,0],[5,27,30],[0,0,0,0,0,0.7193398003386512,0.6946583704589973,1,1,1],[1,0,0,92]],[4,2,false,53,[52]],[9,"checkmark",512,false,16,[-125],[0,"7bSTVGphVLf6nfzEX47bUQ",1,0],[5,27,30],[0,0,0,0,0,0.7193398003386512,0.6946583704589973,1,1,1],[1,0,0,92]],[4,2,false,55,[55]],[9,"checkmark",512,false,17,[-126],[0,"b1LrPQbghFK7uBq+gmT5YP",1,0],[5,27,30],[0,0,0,0,0,0.7193398003386512,0.6946583704589973,1,1,1],[1,0,0,92]],[4,2,false,57,[58]],[2,"59",3,[[1,-127,[61],62]],[0,"7dIvFklVtGwZzne832mAfh",1,0],[5,88,22],[88.169,-73.849,0,0,0,0,1,0.6,0.6,1]],[31,"bg",false,6,[[38,1,0,-128,[64]]],[0,"25ZS4huF1EXpuP5MQKThpl",1,0],[5,624,578],[0,56,0,0,0,0,1,0.5,0.6,1]],[16,"titleLabel",6,[[6,"My Favorites Instructions",20,20,false,1,1,-129,[65]]],[0,"9cw4i/QYFEOKxG9SqGKVIl",1,0],[4,4284918982],[5,239.84,25.2],[-2,209,0,0,0,0,1,1,1,1]],[17,"tipLabel",200,6,[[48,"Click the Heart to collect the game\nto your Favorites.\nThen you can find it the \"Win\nMore\".\nClick the game icon and enter",14,17,false,1,-130,[66]]],[0,"74Z5+njy5H/qcDQa6e6Ulh",1,0],[5,232.37,89.42],[-11,136,0,0,0,0,1,1,1,1]]],0,[0,10,1,0,11,2,0,12,7,0,13,43,0,14,3,0,15,5,0,16,39,0,0,1,0,-1,7,0,-2,2,0,-3,6,0,0,2,0,0,2,0,-1,33,0,-2,34,0,-3,35,0,-4,18,0,-5,8,0,-6,5,0,-7,3,0,-1,25,0,-2,26,0,-3,47,0,-4,48,0,-5,4,0,-6,32,0,-7,59,0,0,4,0,0,4,0,-1,13,0,-2,14,0,-3,15,0,-4,16,0,-5,17,0,-1,44,0,-2,45,0,-3,23,0,-4,46,0,-5,24,0,0,6,0,0,6,0,-1,60,0,-2,61,0,-3,62,0,0,7,0,0,7,0,0,7,0,0,8,0,0,8,0,-1,9,0,-2,10,0,-1,39,0,-1,19,0,-2,20,0,-1,43,0,-1,21,0,-2,22,0,0,11,0,0,11,0,0,12,0,0,12,0,2,50,0,3,27,0,0,13,0,-1,27,0,-2,49,0,2,52,0,3,28,0,0,14,0,-1,28,0,-2,51,0,2,54,0,3,29,0,0,15,0,-1,29,0,-2,53,0,2,56,0,3,30,0,0,16,0,-1,30,0,-2,55,0,2,58,0,3,31,0,0,17,0,-1,31,0,-2,57,0,0,18,0,0,19,0,-1,36,0,-1,38,0,-1,37,0,0,21,0,-1,40,0,-1,42,0,-1,41,0,0,23,0,0,23,0,0,24,0,0,25,0,0,25,0,0,26,0,0,26,0,0,27,0,0,28,0,0,29,0,0,30,0,0,31,0,0,32,0,0,32,0,0,33,0,0,34,0,0,35,0,0,36,0,0,37,0,0,40,0,0,41,0,0,44,0,0,45,0,0,46,0,0,47,0,0,48,0,-1,50,0,-1,52,0,-1,54,0,-1,56,0,-1,58,0,0,59,0,0,60,0,0,61,0,0,62,0,17,1,11,5,18,12,5,24,130],[0,0,0,0,0,0,0,0,0,0,0,0,0,0,0,0,0,0,0,0,0,0,0,0,0,0,0,0,0,0,0,0,0,0,0,0,0,0,0,0,0,0,0,0,0,0,0,0,0,0,0,0,0,0,0,0,0,0,0,0,0,0,0,0,0,0,0,0,42,50,52,54,56,58],[-1,1,-1,1,-1,1,-1,1,-1,1,6,7,8,9,-1,1,-1,-1,1,-1,-1,1,-1,-1,1,-1,-1,1,-1,-1,1,-1,-1,1,6,7,8,9,-1,1,-1,1,-1,-1,-1,1,-1,-1,1,-1,-1,1,-1,-1,1,-1,-1,1,-1,-1,1,-1,1,-1,-1,-1,-1,-1,1,1,1,1,1,1],[0,6,0,7,0,8,0,9,0,1,1,1,1,1,0,10,0,0,11,0,0,12,0,0,13,0,0,14,0,0,15,0,0,2,2,2,2,2,0,16,0,17,0,0,0,3,0,0,3,0,0,3,0,0,3,0,0,3,0,0,18,0,19,0,0,0,0,0,20,4,4,4,4,4]],[[{"name":"image21","rect":[0,0,376,220],"offset":[0,0],"originalSize":[376,220],"capInsets":[0,0,0,0]}],[5],0,[0],[4],[21]]]]