[1,["9fvgjEpGRMzYGQiSjUgRVX","bf4guabDlCYLm1GKTDN+nW","29c/hpyGpD56JMrfJ85JnR","b1oCdBk9lO0plITaFWYbsL","88G53klh5CkYf4ockBf5Su","dcJaCcyf9P6Lp5pF1N72GF","3bj1Dnn9hHRrFhCvYJIvUZ","b99DUE6oJNCbbRV0JC8T8k","979wlq1gFGzamEmPDxyCnP","98G/Sl1b5LL6Ey3Jz93u9P","70pTzm4Z5IrIl1flrJQSWr","b6Mo+jB3VFBLmqUFhyD7fR","76H7Kv0gRGmJuTinkknK5/","02cCyxQfBNkpWqvsc7z96F","28qBbvDvFNNLVrRGGMdQem","4dWIrGLzdDaJUARqakHysJ","39VSzfM5hDIpAlyGcwrsCa","959C9scZdNuJuD43bPEOIj","12BChy1/FHLaynfcQPMt5o","4c6R0TTwtKUIZnOZCcxjLx","33KVY8eJBBWItKUGZ+W9uk","8bEdv7ooRArpEq1wcfFobo","13D6og69BJIoIeUHNkgRpA","01fGXFZzJEiYUg7bHYGCD2","04mo2LibhBLoMmjmdBNsup","69mCetw1ZN2L0/HkheP07G","360PimIfNGeYhtFDRcdJFc"],["_textureSetter","Group 2065","Group 2067","Group 2068","Group 2071","Group 2254","Group 2254_1","Group 2255","Group 2255_1","Rectangle 1965","Rectangle 1965_1","Rectangle 1966","Rectangle 1969","Rectangle 1969_1","Rectangle 1972","Rectangle 1974","Rectangle 1975","Rectangle 1976","Rectangle 1977","Rectangle 1978","Rectangle 1981","Rectangle 1982","Rectangle 1991","Rectangle 2031","Rectangle 2031_1","Rectangle 2041_1","Rectangle 2042_2"],["cc.SpriteFrame",["cc.SpriteAtlas",["_name","_spriteFrames"],2,11]],[[1,0,1,2]],[[[{"name":"Group 2255","rect":[724,183,312,300],"offset":[0,0],"originalSize":[312,300],"capInsets":[0,0,0,0]}],[0],0,[0],[0],[0]],[[{"name":"Group 2254","rect":[1017,1839,312,156],"offset":[0,0],"originalSize":[312,156],"capInsets":[0,0,0,0]}],[0],0,[0],[0],[0]],[[[0,"record.plist",[{},"Group 2065",6,0,"Group 2067",6,1,"Group 2068",6,2,"Group 2071",6,3,"Group 2254",6,4,"Group 2254_1",6,5,"Group 2255",6,6,"Group 2255_1",6,7,"Rectangle 1965",6,8,"Rectangle 1965_1",6,9,"Rectangle 1966",6,10,"Rectangle 1969",6,11,"Rectangle 1969_1",6,12,"Rectangle 1972",6,13,"Rectangle 1974",6,14,"Rectangle 1975",6,15,"Rectangle 1976",6,16,"Rectangle 1977",6,17,"Rectangle 1978",6,18,"Rectangle 1981",6,19,"Rectangle 1982",6,20,"Rectangle 1991",6,21,"Rectangle 2031",6,22,"Rectangle 2031_1",6,23,"Rectangle 2041_1",6,24,"Rectangle 2042_2",6,25]]],0,0,[0,0,0,0,0,0,0,0,0,0,0,0,0,0,0,0,0,0,0,0,0,0,0,0,0,0],[1,2,3,4,5,6,7,8,9,10,11,12,13,14,15,16,17,18,19,20,21,22,23,24,25,26],[1,2,3,4,5,6,7,8,9,10,11,12,13,14,15,16,17,18,19,20,21,22,23,24,25,26]]]]