[1,["9cTMsqyGZDOZmtaB3qJP/+"],0,[["sp.SkeletonData",["_name","_atlasText","textureNames","_skeletonJson","textures"],-1,3]],[[0,0,1,2,3,4,5]],[[0,"zhuanpanstar","\nzhuanpanstar.png\nsize: 102,102\nformat: RGBA8888\nfilter: Linear,Linear\nrepeat: none\nx星光\n  rotate: false\n  xy: 2, 2\n  size: 98, 98\n  orig: 102, 102\n  offset: 2, 2\n  index: -1\n",["zhuanpanstar.png"],{"skeleton":{"hash":"meMw5ObI8IrOqX+lQhGNPPaC+MQ","spine":"3.8.75","x":-72.12,"y":-72.12,"width":144.25,"height":144.25,"images":"","audio":""},"bones":[{"name":"root"},{"name":"bone","parent":"root","length":66,"rotation":90}],"slots":[{"name":"x星光","bone":"bone","attachment":"x星光","blend":"additive"}],"skins":[{"name":"default","attachments":{"x星光":{"x星光":{"rotation":-45,"width":102,"height":102}}}}],"animations":{"animation":{"slots":{"x星光":{"color":[{"color":"ffffff00"},{"time":0.5,"color":"ffffffff","curve":"stepped"},{"time":1,"color":"ffffffff"},{"time":1.5,"color":"ffffff00"}]}},"bones":{"bone":{"scale":[{"x":0.6,"y":0.6},{"time":0.5,"curve":"stepped"},{"time":1},{"time":1.5,"x":0.6,"y":0.6}]}}}}},[0]]],0,0,[0],[-1],[0]]