[1,["45Nri1tiNJGZ9rhFy7czlW","6bOsluaQ1B+bzauKDVSfEO","5f4z8SEcdIsoMC10BDgZJ6","a6nhaKadNJurhCfxMxxXWb","3bmOWeO8xO6pbZw23AWwfV","82A6asVmhAl78kooOXixmg","42ny2MfA5DXpwkrJ8LRF6G","d8sxPOG/RHQYu4H8QNR7H/","b0QFnKYI1LpJgK/dE0Fra7","6fG2ZRT1pBiJmX7EHRMBZB","b5ZhN/maFHoZ38eCANoh13","e62fMs0V9AVKhyLXBt4Su7","0fZuVDW8pG76QEhE6G0chC","440K4m/CpFmrmN4n36k5Zw","baq9CgiydL46v0xL9PU3Vp","7b0fcaMbRP1qNZ524C0eTq","06ZPZFsh5JJIeAWnXq+pwW","80FOs8VtlGw4k7GFPh4jQ6","177HKHqKJIEKpi3Xux/n75","8aGwJfX0FMwbo98vEEU7Z/","96mqR7BgFN/pzNKRfhwP6W","06W7qhUfJOs6ihBkq5ceYD","33x8D+FztDDL1NEqw2Es2u","e0F8hT2sdMYoBmos9Xyn5n","3cZhk5GSlFSKKTlWE0UA/t"],["_textureSetter","1","2","3","4","5","6","7","8","9","10","11","12","13","14","15","16","17","18","19","20","21","22","23","24"],["cc.SpriteFrame",["cc.SpriteAtlas",["_name","_spriteFrames"],2,11]],[[1,0,1,2]],[[[{"name":"21","rect":[2,376,281,95],"offset":[0,0],"originalSize":[281,95],"capInsets":[0,0,0,0]}],[0],0,[0],[0],[0]],[[{"name":"16","rect":[570,275,281,96],"offset":[0,0],"originalSize":[281,96],"capInsets":[0,0,0,0]}],[0],0,[0],[0],[0]],[[{"name":"12","rect":[2,189,282,87],"offset":[0,0],"originalSize":[282,87],"capInsets":[0,0,0,0]}],[0],0,[0],[0],[0]],[[{"name":"18","rect":[568,463,280,96],"offset":[0,0],"originalSize":[280,96],"capInsets":[0,0,0,0]}],[0],0,[0],[0],[0]],[[{"name":"22","rect":[868,2,281,96],"offset":[0,0],"originalSize":[281,96],"rotated":1,"capInsets":[0,0,0,0]}],[0],0,[0],[0],[0]],[[{"name":"4","rect":[2,99,282,88],"offset":[0,0],"originalSize":[282,88],"capInsets":[0,0,0,0]}],[0],0,[0],[0],[0]],[[{"name":"24","rect":[285,357,281,95],"offset":[0,0],"originalSize":[281,95],"capInsets":[0,0,0,0]}],[0],0,[0],[0],[0]],[[{"name":"6","rect":[575,98,282,87],"offset":[0,0],"originalSize":[282,87],"capInsets":[0,0,0,0]}],[0],0,[0],[0],[0]],[[{"name":"13","rect":[286,181,282,87],"offset":[0,0],"originalSize":[282,87],"capInsets":[0,0,0,0]}],[0],0,[0],[0],[0]],[[{"name":"2","rect":[2,473,281,81],"offset":[0,0],"originalSize":[281,81],"capInsets":[0,0,0,0]}],[0],0,[0],[0],[0]],[[{"name":"1","rect":[567,561,280,84],"offset":[0,0],"originalSize":[280,84],"capInsets":[0,0,0,0]}],[0],0,[0],[0],[0]],[[{"name":"9","rect":[285,454,281,81],"offset":[0,0],"originalSize":[281,81],"capInsets":[0,0,0,0]}],[0],0,[0],[0],[0]],[[{"name":"15","rect":[284,625,277,93],"offset":[0,0],"originalSize":[277,93],"capInsets":[0,0,0,0]}],[0],0,[0],[0],[0]],[[{"name":"17","rect":[580,2,286,94],"offset":[0,0],"originalSize":[286,94],"capInsets":[0,0,0,0]}],[0],0,[0],[0],[0]],[[{"name":"5","rect":[2,556,280,84],"offset":[0,0],"originalSize":[280,84],"capInsets":[0,0,0,0]}],[0],0,[0],[0],[0]],[[{"name":"19","rect":[2,2,287,95],"offset":[0,0],"originalSize":[287,95],"capInsets":[0,0,0,0]}],[0],0,[0],[0],[0]],[[{"name":"20","rect":[2,278,281,96],"offset":[0,0],"originalSize":[281,96],"capInsets":[0,0,0,0]}],[0],0,[0],[0],[0]],[[{"name":"8","rect":[291,2,287,85],"offset":[0,0],"originalSize":[287,85],"capInsets":[0,0,0,0]}],[0],0,[0],[0],[0]],[[{"name":"10","rect":[291,89,282,90],"offset":[0,0],"originalSize":[282,90],"capInsets":[0,0,0,0]}],[0],0,[0],[0],[0]],[[{"name":"14","rect":[286,270,282,85],"offset":[0,0],"originalSize":[282,85],"capInsets":[0,0,0,0]}],[0],0,[0],[0],[0]],[[{"name":"7","rect":[568,373,281,88],"offset":[0,0],"originalSize":[281,88],"capInsets":[0,0,0,0]}],[0],0,[0],[0],[0]],[[{"name":"23","rect":[853,285,280,96],"offset":[0,0],"originalSize":[280,96],"rotated":1,"capInsets":[0,0,0,0]}],[0],0,[0],[0],[0]],[[{"name":"11","rect":[570,187,282,86],"offset":[0,0],"originalSize":[282,86],"capInsets":[0,0,0,0]}],[0],0,[0],[0],[0]],[[[0,"logo.plist",[{},"1",6,0,"2",6,1,"3",6,2,"4",6,3,"5",6,4,"6",6,5,"7",6,6,"8",6,7,"9",6,8,"10",6,9,"11",6,10,"12",6,11,"13",6,12,"14",6,13,"15",6,14,"16",6,15,"17",6,16,"18",6,17,"19",6,18,"20",6,19,"21",6,20,"22",6,21,"23",6,22,"24",6,23]]],0,0,[0,0,0,0,0,0,0,0,0,0,0,0,0,0,0,0,0,0,0,0,0,0,0,0],[1,2,3,4,5,6,7,8,9,10,11,12,13,14,15,16,17,18,19,20,21,22,23,24],[1,2,3,4,5,6,7,8,9,10,11,12,13,14,15,16,17,18,19,20,21,22,23,24]]]]