[1,["daqrWA91VIt7r7DGM3FhRd"],0,[["sp.SkeletonData",["_name","_atlasText","textureNames","_skeletonJson","textures"],-1,3]],[[0,0,1,2,3,4,5]],[[0,"buttonset","\nbuttonset.png\nsize: 331,262\nformat: RGBA8888\nfilter: Linear,Linear\nrepeat: none\nsrt_lng\n  rotate: false\n  xy: 2, 2\n  size: 258, 258\n  orig: 266, 260\n  offset: 1, 1\n  index: -1\nsrt_lnt\n  rotate: false\n  xy: 262, 168\n  size: 67, 92\n  orig: 83, 95\n  offset: 15, 2\n  index: -1\nsrt_star\n  rotate: false\n  xy: 262, 119\n  size: 48, 47\n  orig: 50, 49\n  offset: 1, 1\n  index: -1\n",["buttonset.png"],{"skeleton":{"hash":"AItc8z0XWLTgCv3jJLfkxqtXxhQ","spine":"3.8.75","x":-133,"y":-131,"width":266,"height":260,"images":"../images/","audio":"C:/Users/Windows10/Desktop/slots_1/button"},"bones":[{"name":"root"},{"name":"bone","parent":"root","length":105.66},{"name":"bone2","parent":"root","length":34.23,"rotation":45,"x":22.71,"y":29.57},{"name":"bone3","parent":"root","length":79.28,"rotation":-90}],"slots":[{"name":"srt_star","bone":"bone2","attachment":"srt_star","blend":"additive"},{"name":"srt_lnt","bone":"bone","color":"ffa100ff","attachment":"srt_lnt","blend":"additive"},{"name":"root","bone":"root","attachment":"root"},{"name":"srt_lng","bone":"bone3","color":"ffc900ff","attachment":"srt_lng","blend":"additive"}],"skins":[{"name":"default","attachments":{"srt_lng":{"srt_lng":{"x":1,"rotation":90,"width":266,"height":260}},"srt_star":{"srt_star":{"x":0.35,"y":1.06,"rotation":-45,"width":50,"height":49}},"root":{"root":{"type":"clipping","end":"root","vertexCount":5,"color":"ce3a3aff","vertices":[-200.27,109.78,-200.33,-158.06,0.05,-160.01,-0.42,149.87,-200.32,150.37]}},"srt_lnt":{"srt_lnt":{"x":2.5,"y":-8.5,"rotation":-90,"width":83,"height":95}}}}],"animations":{"animation":{"slots":{"srt_star":{"color":[{"color":"ffffff00","curve":"stepped"},{"time":0.5333,"color":"ffffff00"},{"time":0.8,"color":"ffffffff"},{"time":1.2667,"color":"ffffff00"},{"time":2.4667,"color":"ffffff00"},{"time":2.8,"color":"ffffffff"},{"time":3.3667,"color":"ffffff00"}]},"srt_lng":{"color":[{"color":"ffffff00"}]},"srt_lnt":{"color":[{"color":"ffa00000"},{"time":0.6,"color":"ffa000ff","curve":"stepped"},{"time":2.9,"color":"ffa000ff"},{"time":3.5,"color":"ffa00000"}]}},"bones":{"bone":{"rotate":[{},{"time":0.2333,"angle":120},{"time":0.4667,"angle":-120},{"time":0.7},{"time":0.9333,"angle":120},{"time":1.1667,"angle":-120},{"time":1.4},{"time":1.6333,"angle":120},{"time":1.8667,"angle":-120},{"time":2.1},{"time":2.3333,"angle":120},{"time":2.5667,"angle":-120},{"time":2.8},{"time":3.0333,"angle":120},{"time":3.2667,"angle":-120},{"time":3.5}]}}},"ing":{"slots":{"srt_star":{"color":[{"color":"ffffff00"}]},"srt_lnt":{"color":[{"color":"ffa00000"}]}},"bones":{"bone3":{"rotate":[{},{"time":1,"angle":-178.71},{"time":2,"angle":4.71}]}}}}},[0]]],0,0,[0],[-1],[0]]