[1,["57I4Lnmm9HW6UqGDn/70zl"],0,[["sp.SkeletonData",["_name","_atlasText","textureNames","_skeletonJson","textures"],-1,3]],[[0,0,1,2,3,4,5]],[[0,"stars","\nstars.png\nsize: 269,269\nformat: RGBA8888\nfilter: Linear,Linear\nrepeat: none\ndplight1\n  rotate: false\n  xy: 2, 10\n  size: 31, 31\n  orig: 37, 37\n  offset: 3, 3\n  index: -1\ndplight2\n  rotate: true\n  xy: 226, 127\n  size: 42, 41\n  orig: 48, 47\n  offset: 3, 3\n  index: -1\ndplight3\n  rotate: false\n  xy: 199, 17\n  size: 49, 52\n  orig: 55, 58\n  offset: 3, 3\n  index: -1\ndplight4\n  rotate: false\n  xy: 212, 74\n  size: 52, 51\n  orig: 56, 57\n  offset: 3, 3\n  index: -1\ndplight5\n  rotate: true\n  xy: 71, 2\n  size: 66, 63\n  orig: 72, 69\n  offset: 2, 4\n  index: -1\ndplight6\n  rotate: false\n  xy: 141, 71\n  size: 69, 69\n  orig: 75, 72\n  offset: 2, 1\n  index: -1\ndplight7\n  rotate: true\n  xy: 71, 70\n  size: 70, 68\n  orig: 76, 74\n  offset: 3, 3\n  index: -1\ndplight8\n  rotate: false\n  xy: 136, 6\n  size: 61, 62\n  orig: 67, 68\n  offset: 3, 3\n  index: -1\ndpsg\n  rotate: false\n  xy: 2, 43\n  size: 67, 97\n  orig: 72, 102\n  offset: 3, 2\n  index: -1\ndpsg_12\n  rotate: false\n  xy: 35, 5\n  size: 22, 36\n  orig: 25, 42\n  offset: 3, 3\n  index: -1\njqsg\n  rotate: false\n  xy: 2, 142\n  size: 129, 125\n  orig: 131, 131\n  offset: 1, 3\n  index: -1\njtpg\n  rotate: false\n  xy: 133, 221\n  size: 118, 46\n  orig: 124, 52\n  offset: 3, 3\n  index: -1\njtsg\n  rotate: false\n  xy: 133, 142\n  size: 91, 27\n  orig: 97, 29\n  offset: 3, 1\n  index: -1\njypg_1\n  rotate: false\n  xy: 133, 171\n  size: 103, 48\n  orig: 105, 51\n  offset: 1, 1\n  index: -1\nlizi\n  rotate: false\n  xy: 59, 31\n  size: 10, 10\n  orig: 12, 12\n  offset: 1, 1\n  index: -1\n",["stars.png"],{"skeleton":{"hash":"lHzd4AUv6PeVf+KzhO8VPDVKiOk","spine":"3.8.75","x":-65.5,"y":-51,"width":131,"height":182.12,"images":"../images/","audio":"D:/动画文件/slots_3/开局扫光动画"},"bones":[{"name":"root"},{"name":"dp","parent":"root","length":50.01,"rotation":90},{"name":"jqsg","parent":"root","length":105.2,"rotation":90},{"name":"bone","parent":"root","length":120.59,"rotation":180},{"name":"jtpg","parent":"bone","length":75.86,"rotation":180},{"name":"jtsg","parent":"root","length":45.16},{"name":"lizi","parent":"root","length":36.69,"rotation":90},{"name":"jypg_1","parent":"bone","length":43.26},{"name":"dpsg","parent":"root","length":96.48},{"name":"dpsg_12","parent":"root","length":233.36,"rotation":180,"shearY":-27.38},{"name":"jtsg2","parent":"jtpg","length":45.16},{"name":"jtsg3","parent":"root","length":45.16},{"name":"jypg_2","parent":"jypg_1","length":43.26,"scaleX":-1},{"name":"jypg_3","parent":"bone","length":43.26},{"name":"jypg_4","parent":"jypg_3","length":43.26,"scaleX":-1},{"name":"jypg_5","parent":"bone","length":43.26},{"name":"jypg_6","parent":"jypg_5","length":43.26,"scaleX":-1},{"name":"jypg_7","parent":"bone","length":43.26,"scaleX":-1,"scaleY":-1},{"name":"jypg_8","parent":"jypg_7","length":43.26,"scaleX":-1},{"name":"jypg_9","parent":"bone","length":43.26,"scaleX":0.8,"scaleY":0.8},{"name":"jypg_10","parent":"jypg_9","length":43.26,"scaleX":-1},{"name":"jypg_11","parent":"bone","length":43.26,"scaleX":-0.5,"scaleY":-0.5},{"name":"jypg_12","parent":"jypg_11","length":43.26,"scaleX":-1},{"name":"jypg_13","parent":"bone","length":43.26},{"name":"jypg_14","parent":"jypg_13","length":43.26,"scaleX":-1},{"name":"jypg_15","parent":"bone","length":43.26},{"name":"jypg_16","parent":"jypg_15","length":43.26,"scaleX":-1},{"name":"jypg_17","parent":"bone","length":43.26,"scaleX":0.5,"scaleY":0.5},{"name":"jypg_18","parent":"jypg_17","length":43.26,"scaleX":-1},{"name":"jypg_19","parent":"bone","length":43.26,"scaleX":0.5,"scaleY":0.5},{"name":"jypg_20","parent":"jypg_19","length":43.26,"scaleX":-1},{"name":"bone2","parent":"root","length":120.59,"rotation":180},{"name":"jtpg2","parent":"bone2","length":75.86,"rotation":180},{"name":"jtsg4","parent":"jtpg2","length":45.16},{"name":"jypg_21","parent":"bone2","length":43.26},{"name":"jypg_22","parent":"jypg_21","length":43.26,"scaleX":-1},{"name":"jypg_23","parent":"bone2","length":43.26},{"name":"jypg_24","parent":"jypg_23","length":43.26,"scaleX":-1},{"name":"jypg_25","parent":"bone2","length":43.26},{"name":"jypg_26","parent":"jypg_25","length":43.26,"scaleX":-1},{"name":"jypg_27","parent":"bone2","length":43.26,"scaleX":-1,"scaleY":-1},{"name":"jypg_28","parent":"jypg_27","length":43.26,"scaleX":-1},{"name":"jypg_29","parent":"bone2","length":43.26,"scaleX":0.8,"scaleY":0.8},{"name":"jypg_30","parent":"jypg_29","length":43.26,"scaleX":-1},{"name":"jypg_31","parent":"bone2","length":43.26,"scaleX":-0.5,"scaleY":-0.5},{"name":"jypg_32","parent":"jypg_31","length":43.26,"scaleX":-1},{"name":"jypg_33","parent":"bone2","length":43.26},{"name":"jypg_34","parent":"jypg_33","length":43.26,"scaleX":-1},{"name":"jypg_35","parent":"bone2","length":43.26},{"name":"jypg_36","parent":"jypg_35","length":43.26,"scaleX":-1},{"name":"jypg_37","parent":"bone2","length":43.26,"scaleX":0.5,"scaleY":0.5},{"name":"jypg_38","parent":"jypg_37","length":43.26,"scaleX":-1},{"name":"jypg_39","parent":"bone2","length":43.26,"scaleX":0.5,"scaleY":0.5},{"name":"jypg_40","parent":"jypg_39","length":43.26,"scaleX":-1},{"name":"jtsg5","parent":"root","length":45.16},{"name":"jtsg6","parent":"root","length":45.16},{"name":"jtsg7","parent":"root","length":45.16},{"name":"jtpg3","parent":"jtsg5","length":75.86},{"name":"jtpg4","parent":"jtsg5","length":75.86},{"name":"jtpg5","parent":"jtsg6","length":75.86},{"name":"jtpg6","parent":"jtsg6","length":75.86},{"name":"jqsg2","parent":"root","length":105.2,"rotation":90},{"name":"jqsg3","parent":"root","length":105.2,"rotation":90},{"name":"jqsg4","parent":"root","length":105.2,"rotation":90},{"name":"jtpg7","parent":"root","length":75.86},{"name":"jtpg8","parent":"root","length":75.86},{"name":"jtpg9","parent":"root","length":75.86},{"name":"jtpg10","parent":"root","length":75.86},{"name":"jtpg11","parent":"root","length":75.86},{"name":"dpsg2","parent":"root","length":96.48},{"name":"jtsg8","parent":"root","length":45.16}],"slots":[{"name":"lizi","bone":"lizi","attachment":"lizi"},{"name":"jqsg","bone":"jqsg","attachment":"jqsg","blend":"additive"},{"name":"jqsg2","bone":"jqsg2","attachment":"jqsg","blend":"screen"},{"name":"jqsg3","bone":"jqsg3","attachment":"jqsg","blend":"screen"},{"name":"jqsg4","bone":"jqsg4","attachment":"jqsg","blend":"screen"},{"name":"jypg_1","bone":"jypg_1","attachment":"jypg_1"},{"name":"jypg_21","bone":"jypg_21","attachment":"jypg_1"},{"name":"jypg_3","bone":"jypg_3","attachment":"jypg_1"},{"name":"jypg_23","bone":"jypg_23","attachment":"jypg_1"},{"name":"jypg_5","bone":"jypg_5","attachment":"jypg_1"},{"name":"jypg_25","bone":"jypg_25","attachment":"jypg_1"},{"name":"jypg_13","bone":"jypg_13","attachment":"jypg_1"},{"name":"jypg_33","bone":"jypg_33","attachment":"jypg_1"},{"name":"jypg_15","bone":"jypg_15","attachment":"jypg_1"},{"name":"jypg_35","bone":"jypg_35","attachment":"jypg_1"},{"name":"jypg_17","bone":"jypg_17","attachment":"jypg_1"},{"name":"jypg_37","bone":"jypg_37","attachment":"jypg_1"},{"name":"jypg_19","bone":"jypg_19","attachment":"jypg_1"},{"name":"jypg_39","bone":"jypg_39","attachment":"jypg_1"},{"name":"jypg_7","bone":"jypg_7","attachment":"jypg_1"},{"name":"jypg_27","bone":"jypg_27","attachment":"jypg_1"},{"name":"jypg_11","bone":"jypg_11","attachment":"jypg_1"},{"name":"jypg_31","bone":"jypg_31","attachment":"jypg_1"},{"name":"jypg_9","bone":"jypg_9","attachment":"jypg_1"},{"name":"jypg_29","bone":"jypg_29","attachment":"jypg_1"},{"name":"jypg_2","bone":"jypg_2","attachment":"jypg_1","blend":"additive"},{"name":"jypg_22","bone":"jypg_22","attachment":"jypg_1","blend":"additive"},{"name":"jypg_4","bone":"jypg_4","attachment":"jypg_1","blend":"additive"},{"name":"jypg_24","bone":"jypg_24","attachment":"jypg_1","blend":"additive"},{"name":"jypg_6","bone":"jypg_6","attachment":"jypg_1","blend":"additive"},{"name":"jypg_26","bone":"jypg_26","attachment":"jypg_1","blend":"additive"},{"name":"jypg_14","bone":"jypg_14","attachment":"jypg_1","blend":"additive"},{"name":"jypg_34","bone":"jypg_34","attachment":"jypg_1","blend":"additive"},{"name":"jypg_16","bone":"jypg_16","attachment":"jypg_1","blend":"additive"},{"name":"jypg_36","bone":"jypg_36","attachment":"jypg_1","blend":"additive"},{"name":"jypg_18","bone":"jypg_18","attachment":"jypg_1","blend":"additive"},{"name":"jypg_38","bone":"jypg_38","attachment":"jypg_1","blend":"additive"},{"name":"jypg_20","bone":"jypg_20","attachment":"jypg_1","blend":"additive"},{"name":"jypg_40","bone":"jypg_40","attachment":"jypg_1","blend":"additive"},{"name":"jypg_8","bone":"jypg_8","attachment":"jypg_1","blend":"additive"},{"name":"jypg_28","bone":"jypg_28","attachment":"jypg_1","blend":"additive"},{"name":"jypg_12","bone":"jypg_12","attachment":"jypg_1","blend":"additive"},{"name":"jypg_32","bone":"jypg_32","attachment":"jypg_1","blend":"additive"},{"name":"jypg_10","bone":"jypg_10","attachment":"jypg_1","blend":"additive"},{"name":"jypg_30","bone":"jypg_30","attachment":"jypg_1","blend":"additive"},{"name":"jtpg","bone":"jtpg","attachment":"jtpg","blend":"additive"},{"name":"jtpg2","bone":"jtpg2","attachment":"jtpg","blend":"additive"},{"name":"dp","bone":"dp","blend":"additive"},{"name":"dp2","bone":"dp","blend":"additive"},{"name":"jtsg2","bone":"jtsg2","attachment":"jtsg","blend":"additive"},{"name":"jtsg4","bone":"jtsg4","attachment":"jtsg","blend":"additive"},{"name":"root","bone":"root","attachment":"root"},{"name":"jtsg","bone":"jtsg","attachment":"jtsg","blend":"additive"},{"name":"jtsg3","bone":"jtsg3","attachment":"jtsg","blend":"additive"},{"name":"dpsg","bone":"dpsg","attachment":"dpsg","blend":"additive"},{"name":"dpsg2","bone":"dpsg2","attachment":"dpsg","blend":"additive"},{"name":"dpsg_12","bone":"dpsg_12","attachment":"dpsg_12","blend":"additive"},{"name":"jtsg5","bone":"jtsg5","attachment":"jtsg","blend":"additive"},{"name":"jtsg6","bone":"jtsg6","attachment":"jtsg","blend":"additive"},{"name":"jtsg7","bone":"jtsg7","attachment":"jtsg","blend":"additive"},{"name":"jtsg8","bone":"jtsg8","attachment":"jtsg","blend":"additive"},{"name":"jtpg3","bone":"jtpg3","attachment":"jtpg","blend":"additive"},{"name":"jtpg5","bone":"jtpg5","attachment":"jtpg","blend":"additive"},{"name":"jtpg4","bone":"jtpg4","attachment":"jtpg","blend":"additive"},{"name":"jtpg6","bone":"jtpg6","attachment":"jtpg","blend":"additive"},{"name":"jtpg7","bone":"jtpg7","attachment":"jtpg","blend":"additive"},{"name":"jtpg8","bone":"jtpg8","attachment":"jtpg","blend":"additive"},{"name":"jtpg9","bone":"jtpg9","attachment":"jtpg","blend":"additive"},{"name":"jtpg10","bone":"jtpg10","attachment":"jtpg","blend":"additive"},{"name":"jtpg11","bone":"jtpg11","attachment":"jtpg","blend":"additive"}],"skins":[{"name":"default","attachments":{"jypg_18":{"jypg_1":{"rotation":-180,"width":105,"height":51}},"jypg_19":{"jypg_1":{"rotation":-180,"width":105,"height":51}},"jtpg9":{"jtpg":{"width":124,"height":52}},"jypg_27":{"jypg_1":{"rotation":-180,"width":105,"height":51}},"jypg_32":{"jypg_1":{"rotation":-180,"width":105,"height":51}},"dp":{"dplight1":{"x":-13.5,"y":18.5,"rotation":-90,"width":37,"height":37},"dplight2":{"x":-10.5,"y":16,"rotation":-90,"width":48,"height":47},"dplight3":{"x":-7,"y":12.5,"rotation":-90,"width":55,"height":58},"dplight4":{"x":-7.5,"y":12,"rotation":-90,"width":56,"height":57},"dplight5":{"x":-3.5,"y":4,"rotation":-90,"width":72,"height":69},"dplight6":{"y":0.5,"rotation":-90,"width":75,"height":72},"dplight7":{"x":1,"y":1,"rotation":-90,"width":76,"height":74},"dplight8":{"x":6,"y":-5.5,"rotation":-90,"width":67,"height":68},"dplight9":{"path":"dplight6","x":0.83,"y":0.5,"scaleX":-1,"scaleY":-1,"rotation":-90,"width":75,"height":72},"dplight10":{"path":"dplight5","x":4.58,"y":-2.07,"scaleX":-1,"scaleY":-1,"rotation":-90,"width":72,"height":69},"dplight11":{"path":"dplight4","x":9.96,"y":-9.76,"scaleX":-1,"scaleY":-1,"rotation":-90,"width":56,"height":57},"dplight12":{"path":"dplight3","x":9.13,"y":-8.96,"scaleX":-1,"scaleY":-1,"rotation":-90,"width":55,"height":58}},"jypg_3":{"jypg_1":{"rotation":-180,"width":105,"height":51}},"lizi":{"lizi":{"x":6,"rotation":-90,"width":12,"height":12}},"jtpg2":{"jtpg":{"width":124,"height":52}},"jtpg3":{"jtpg":{"width":124,"height":52}},"jtpg4":{"jtpg":{"width":124,"height":52}},"jtpg5":{"jtpg":{"width":124,"height":52}},"jtpg6":{"jtpg":{"width":124,"height":52}},"jypg_40":{"jypg_1":{"rotation":-180,"width":105,"height":51}},"jypg_20":{"jypg_1":{"rotation":-180,"width":105,"height":51}},"jypg_21":{"jypg_1":{"rotation":-180,"width":105,"height":51}},"jypg_22":{"jypg_1":{"rotation":-180,"width":105,"height":51}},"jypg_23":{"jypg_1":{"rotation":-180,"width":105,"height":51}},"jypg_24":{"jypg_1":{"rotation":-180,"width":105,"height":51}},"jypg_25":{"jypg_1":{"rotation":-180,"width":105,"height":51}},"jypg_26":{"jypg_1":{"rotation":-180,"width":105,"height":51}},"jypg_8":{"jypg_1":{"rotation":-180,"width":105,"height":51}},"jypg_28":{"jypg_1":{"rotation":-180,"width":105,"height":51}},"jypg_29":{"jypg_1":{"rotation":-180,"width":105,"height":51}},"jtpg11":{"jtpg":{"width":124,"height":52}},"dp2":{"dplight1":{"x":-13.5,"y":18.5,"rotation":-90,"width":37,"height":37},"dplight2":{"x":-10.5,"y":16,"rotation":-90,"width":48,"height":47},"dplight3":{"x":-7,"y":12.5,"rotation":-90,"width":55,"height":58},"dplight4":{"x":-7.5,"y":12,"rotation":-90,"width":56,"height":57},"dplight5":{"x":-3.5,"y":4,"rotation":-90,"width":72,"height":69},"dplight6":{"y":0.5,"rotation":-90,"width":75,"height":72},"dplight7":{"x":1,"y":1,"rotation":-90,"width":76,"height":74},"dplight8":{"x":6,"y":-5.5,"rotation":-90,"width":67,"height":68},"dplight9":{"path":"dplight6","x":0.83,"y":0.5,"scaleX":-1,"scaleY":-1,"rotation":-90,"width":75,"height":72},"dplight10":{"path":"dplight5","x":4.58,"y":-2.07,"scaleX":-1,"scaleY":-1,"rotation":-90,"width":72,"height":69},"dplight11":{"path":"dplight4","x":9.96,"y":-9.76,"scaleX":-1,"scaleY":-1,"rotation":-90,"width":56,"height":57},"dplight12":{"path":"dplight3","x":9.13,"y":-8.96,"scaleX":-1,"scaleY":-1,"rotation":-90,"width":55,"height":58}},"jypg_5":{"jypg_1":{"rotation":-180,"width":105,"height":51}},"jypg_7":{"jypg_1":{"rotation":-180,"width":105,"height":51}},"jqsg2":{"jqsg":{"x":65.62,"rotation":-90,"width":131,"height":131}},"jypg_31":{"jypg_1":{"rotation":-180,"width":105,"height":51}},"jtpg10":{"jtpg":{"width":124,"height":52}},"jypg_30":{"jypg_1":{"rotation":-180,"width":105,"height":51}},"jtpg8":{"jtpg":{"width":124,"height":52}},"jqsg3":{"jqsg":{"x":65.62,"rotation":-90,"width":131,"height":131}},"jypg_33":{"jypg_1":{"rotation":-180,"width":105,"height":51}},"jypg_34":{"jypg_1":{"rotation":-180,"width":105,"height":51}},"jypg_35":{"jypg_1":{"rotation":-180,"width":105,"height":51}},"jypg_36":{"jypg_1":{"rotation":-180,"width":105,"height":51}},"jypg_6":{"jypg_1":{"rotation":-180,"width":105,"height":51}},"jypg_38":{"jypg_1":{"rotation":-180,"width":105,"height":51}},"jypg_39":{"jypg_1":{"rotation":-180,"width":105,"height":51}},"jypg_9":{"jypg_1":{"rotation":-180,"width":105,"height":51}},"jtpg":{"jtpg":{"width":124,"height":52}},"jtsg":{"jtsg":{"width":97,"height":29}},"dpsg_12":{"dpsg_12":{"x":-0.5,"rotation":180,"width":25,"height":42}},"jqsg4":{"jqsg":{"x":65.62,"rotation":-90,"width":131,"height":131}},"jypg_1":{"jypg_1":{"rotation":-180,"width":105,"height":51}},"jtpg7":{"jtpg":{"width":124,"height":52}},"jtsg2":{"jtsg":{"width":97,"height":29}},"jtsg3":{"jtsg":{"width":97,"height":29}},"jtsg4":{"jtsg":{"width":97,"height":29}},"jtsg5":{"jtsg":{"width":97,"height":29}},"jtsg6":{"jtsg":{"width":97,"height":29}},"jtsg7":{"jtsg":{"width":97,"height":29}},"jtsg8":{"jtsg":{"width":97,"height":29}},"jqsg":{"jqsg":{"x":65.62,"rotation":-90,"width":131,"height":131}},"dpsg":{"dpsg":{"width":72,"height":102}},"root":{"root":{"type":"clipping","end":"root","vertexCount":43,"color":"ce3a3aff","vertices":[0.18,248.22,-26.06,247.57,-58.2,242.81,-77.39,237.73,-96.08,229.53,-108.38,221.82,-122.82,211,-132.98,199.02,-139.54,185.08,-143.11,173.23,-146.59,155.31,-148.85,134.78,-170.3,-33.29,-171.6,-38.49,-175.32,-42.21,-180.9,-45.38,-182.93,-46.15,-183.28,-47.93,-187.23,-47.86,-187.17,-267.35,187.05,-267.96,187.26,-47.67,184.12,-47.6,184.11,-45.97,179.35,-44.21,175.21,-41.41,172.63,-37.63,171.25,-33.77,147.72,154.98,144.61,173.3,140.27,186.74,135.13,197.61,129.5,205.76,124.15,211.32,115.64,217.87,104.9,225.1,95.24,230.62,84.23,235.52,74.33,238.94,58.94,242.79,46.94,245.19,33.27,246.54,17.13,248.03]}},"jypg_4":{"jypg_1":{"rotation":-180,"width":105,"height":51}},"jypg_2":{"jypg_1":{"rotation":-180,"width":105,"height":51}},"jypg_37":{"jypg_1":{"rotation":-180,"width":105,"height":51}},"dpsg2":{"dpsg":{"width":72,"height":102}},"jypg_10":{"jypg_1":{"rotation":-180,"width":105,"height":51}},"jypg_11":{"jypg_1":{"rotation":-180,"width":105,"height":51}},"jypg_12":{"jypg_1":{"rotation":-180,"width":105,"height":51}},"jypg_13":{"jypg_1":{"rotation":-180,"width":105,"height":51}},"jypg_14":{"jypg_1":{"rotation":-180,"width":105,"height":51}},"jypg_15":{"jypg_1":{"rotation":-180,"width":105,"height":51}},"jypg_16":{"jypg_1":{"rotation":-180,"width":105,"height":51}},"jypg_17":{"jypg_1":{"rotation":-180,"width":105,"height":51}}}}],"animations":{"open1":{"slots":{"jypg_20":{"color":[{"color":"ffffff00","curve":"stepped"},{"time":0.6333,"color":"ffffff00"},{"time":0.7,"color":"fff600ff"},{"time":0.7667,"color":"ffffff00"}]},"jypg_1":{"color":[{"color":"ffffff00","curve":"stepped"},{"time":0.6333,"color":"ffffff00"},{"time":0.7667,"color":"ffffffff"},{"time":0.9,"color":"ffffff00"}]},"jypg_9":{"color":[{"color":"ffffff00","curve":"stepped"},{"time":0.7667,"color":"ffffff00"},{"time":0.8667,"color":"ffffffff","curve":"stepped"},{"time":0.9,"color":"ffffffff"},{"time":1.0333,"color":"ffffff00"}]},"jypg_40":{"color":[{"color":"ffffff00","curve":"stepped"},{"time":0.6333,"color":"ffffff00"},{"time":0.7,"color":"fff600ff"},{"time":0.7667,"color":"ffffff00"}]},"jqsg4":{"color":[{"color":"ffffff00","curve":"stepped"},{"time":1.5,"color":"ffffff00"},{"time":1.6667,"color":"ffb112ff","curve":"stepped"},{"time":1.9333,"color":"ffb112ff"},{"time":2,"color":"ffffff00"}]},"jypg_32":{"color":[{"color":"ffffff00","curve":"stepped"},{"time":0.6333,"color":"ffffff00"},{"time":0.7,"color":"fff600ff"},{"time":0.7667,"color":"ffffff00"}]},"jypg_7":{"color":[{"color":"ffffff00","curve":"stepped"},{"time":0.7667,"color":"ffffff00"},{"time":0.8667,"color":"ffffffff"},{"time":0.9667,"color":"ffffff00"}]},"jtpg7":{"color":[{"color":"ffffff00","curve":"stepped"},{"time":1.5,"color":"ffffff00"},{"time":1.6667,"color":"ffffffff","curve":"stepped"},{"time":1.9667,"color":"ffffffff"},{"time":2.1667,"color":"ffffff00"}]},"jypg_35":{"color":[{"color":"ffffff00","curve":"stepped"},{"time":0.8,"color":"ffffff00"},{"time":0.9,"color":"ffffffff","curve":"stepped"},{"time":0.9667,"color":"ffffffff"},{"time":1.0667,"color":"ffffff00"}]},"jypg_18":{"color":[{"color":"ffffff00","curve":"stepped"},{"time":0.6333,"color":"ffffff00"},{"time":0.7,"color":"fff600ff"},{"time":0.7667,"color":"ffffff00"}]},"jypg_28":{"color":[{"color":"ffffff00","curve":"stepped"},{"time":0.6333,"color":"ffffff00"},{"time":0.7,"color":"fff600ff"},{"time":0.7667,"color":"ffffff00"}]},"jypg_5":{"color":[{"color":"ffffff00","curve":"stepped"},{"time":0.7667,"color":"ffffff00"},{"time":0.8667,"color":"ffffffff"},{"time":0.9667,"color":"ffffff00"}]},"jypg_15":{"color":[{"color":"ffffff00","curve":"stepped"},{"time":0.8,"color":"ffffff00"},{"time":0.9,"color":"ffffffff","curve":"stepped"},{"time":0.9667,"color":"ffffffff"},{"time":1.0667,"color":"ffffff00"}]},"jtsg5":{"color":[{"color":"ffac5fff"}]},"jypg_27":{"color":[{"color":"ffffff00","curve":"stepped"},{"time":0.7667,"color":"ffffff00"},{"time":0.8667,"color":"ffffffff"},{"time":0.9667,"color":"ffffff00"}]},"jypg_2":{"color":[{"color":"ffffff00","curve":"stepped"},{"time":0.6333,"color":"ffffff00"},{"time":0.7,"color":"fff60049"},{"time":0.7667,"color":"ffffff00"}]},"jypg_14":{"color":[{"color":"ffffff00","curve":"stepped"},{"time":0.6333,"color":"ffffff00"},{"time":0.7,"color":"fff600ff"},{"time":0.7667,"color":"ffffff00"}]},"jqsg":{"color":[{"color":"ffffff00","curve":"stepped"},{"time":1.6333,"color":"ffffff00"},{"time":1.8,"color":"ffb112ff","curve":"stepped"},{"time":2.0667,"color":"ffb112ff"},{"time":2.2,"color":"ffffff00"}]},"jqsg2":{"color":[{"color":"ffffff00","curve":"stepped"},{"time":1.5333,"color":"ffffff00"},{"time":1.7,"color":"ffb112ff","curve":"stepped"},{"time":1.9667,"color":"ffb112ff"},{"time":2.0667,"color":"ffffff00"}]},"jypg_34":{"color":[{"color":"ffffff00","curve":"stepped"},{"time":0.6333,"color":"ffffff00"},{"time":0.7,"color":"fff600ff"},{"time":0.7667,"color":"ffffff00"}]},"jtpg":{"color":[{"color":"ffffff00"},{"time":0.3333,"color":"ffffff00"},{"time":0.6333,"color":"ffb24eff","curve":"stepped"},{"time":1.1333,"color":"ffb24eff"},{"time":1.2333,"color":"ffffff00"}]},"jtpg11":{"color":[{"color":"ffffff00","curve":"stepped"},{"time":1.9,"color":"ffffff00"},{"time":2.0667,"color":"ffffffff","curve":"stepped"},{"time":2.3667,"color":"ffffffff"},{"time":2.5667,"color":"ffffff00"}]},"jtsg7":{"color":[{"color":"ffab5f00"}]},"jypg_13":{"color":[{"color":"ffffff00","curve":"stepped"},{"time":0.8,"color":"ffffff00"},{"time":0.9,"color":"ffffffff","curve":"stepped"},{"time":0.9667,"color":"ffffffff"},{"time":1.0667,"color":"ffffff00"}]},"dpsg_12":{"color":[{"color":"ffffff00"},{"time":0.5,"color":"ffffff28","curve":"stepped"},{"time":2,"color":"ffffff28"},{"time":2.5,"color":"ffffff00"}]},"jypg_26":{"color":[{"color":"ffffff00","curve":"stepped"},{"time":0.6333,"color":"ffffff00"},{"time":0.7,"color":"fff600ff"},{"time":0.7667,"color":"ffffff00"}]},"jqsg3":{"color":[{"color":"ffffff00","curve":"stepped"},{"time":1.6667,"color":"ffffff00"},{"time":1.8333,"color":"ffb112ff","curve":"stepped"},{"time":2.1,"color":"ffb112ff"},{"time":2.1667,"color":"ffffff00"}]},"jypg_19":{"color":[{"color":"ffffff00","curve":"stepped"},{"time":0.8333,"color":"ffffff00"},{"time":0.9333,"color":"ffffffff","curve":"stepped"},{"time":1,"color":"ffffffff"},{"time":1.1,"color":"ffffff00"}]},"jypg_23":{"color":[{"color":"ffffff00","curve":"stepped"},{"time":0.6,"color":"ffffff00"},{"time":0.6667,"color":"ffffffff","curve":"stepped"},{"time":0.8667,"color":"ffffffff"},{"time":0.9667,"color":"ffffff00"}]},"jtpg9":{"color":[{"color":"ffffff00","curve":"stepped"},{"time":1.6,"color":"ffffff00"},{"time":1.7667,"color":"ffffffff","curve":"stepped"},{"time":2.0667,"color":"ffffffff"},{"time":2.2667,"color":"ffffff00"}]},"jypg_22":{"color":[{"color":"ffffff00","curve":"stepped"},{"time":0.6333,"color":"ffffff00"},{"time":0.7,"color":"fff60049"},{"time":0.7667,"color":"ffffff00"}]},"jtsg6":{"color":[{"color":"ffac5fff"}]},"dpsg2":{"color":[{"color":"ffffff00"},{"time":0.5,"color":"ffffff13","curve":"stepped"},{"time":2,"color":"ffffff13"},{"time":2.5,"color":"ffffff00"}]},"jypg_39":{"color":[{"color":"ffffff00","curve":"stepped"},{"time":0.8333,"color":"ffffff00"},{"time":0.9333,"color":"ffffffff","curve":"stepped"},{"time":1,"color":"ffffffff"},{"time":1.1,"color":"ffffff00"}]},"jypg_29":{"color":[{"color":"ffffff00","curve":"stepped"},{"time":0.7667,"color":"ffffff00"},{"time":0.8667,"color":"ffffffff","curve":"stepped"},{"time":0.9,"color":"ffffffff"},{"time":1.0333,"color":"ffffff00"}]},"jtpg2":{"color":[{"color":"ffffff00"},{"time":0.3333,"color":"ffffff00"},{"time":0.6333,"color":"ffb24eff","curve":"stepped"},{"time":1.1333,"color":"ffb24eff"},{"time":1.2333,"color":"ffffff00"}]},"jypg_8":{"color":[{"color":"ffffff00","curve":"stepped"},{"time":0.6333,"color":"ffffff00"},{"time":0.7,"color":"fff600ff"},{"time":0.7667,"color":"ffffff00"}]},"jypg_30":{"color":[{"color":"ffffff00","curve":"stepped"},{"time":0.6333,"color":"ffffff00"},{"time":0.7,"color":"fff600ff"},{"time":0.7667,"color":"ffffff00"}]},"jtsg8":{"color":[{"color":"ffab5f00"},{"time":0.1667,"color":"ffab5f48"},{"time":1.8667,"color":"ffab5f48"},{"time":2.0333,"color":"ffab5f00"}]},"lizi":{"color":[{"color":"ffffff00"}]},"jtpg10":{"color":[{"color":"ffffff00","curve":"stepped"},{"time":1.7667,"color":"ffffff00"},{"time":1.9333,"color":"ffffffff","curve":"stepped"},{"time":2.2333,"color":"ffffffff"},{"time":2.4333,"color":"ffffff00"}]},"jtsg":{"color":[{"color":"ffffff00","curve":"stepped"},{"time":0.1,"color":"ffffff00"},{"time":0.3333,"color":"ffffff32","curve":"stepped"},{"time":2.1667,"color":"ffffff32"},{"time":2.5,"color":"ffffff00"}]},"jypg_36":{"color":[{"color":"ffffff00","curve":"stepped"},{"time":0.6333,"color":"ffffff00"},{"time":0.7,"color":"fff600ff"},{"time":0.7667,"color":"ffffff00"}]},"jypg_3":{"color":[{"color":"ffffff00","curve":"stepped"},{"time":0.6,"color":"ffffff00"},{"time":0.6667,"color":"ffffffff","curve":"stepped"},{"time":0.8667,"color":"ffffffff"},{"time":0.9667,"color":"ffffff00"}]},"jypg_31":{"color":[{"color":"ffffff00","curve":"stepped"},{"time":0.7667,"color":"ffffff00"},{"time":0.8667,"color":"ffffffff","curve":"stepped"},{"time":0.9,"color":"ffffffff"},{"time":1.0333,"color":"ffffff00"}]},"jypg_4":{"color":[{"color":"ffffff00","curve":"stepped"},{"time":0.6333,"color":"ffffff00"},{"time":0.7,"color":"fff600ff"},{"time":0.7667,"color":"ffffff00"}]},"dp":{"color":[{"color":"ffffff00"},{"time":0.0667,"color":"ff7500ff","curve":"stepped"},{"time":0.6333,"color":"ff7500ff"},{"time":0.8333,"color":"ffffff00"}],"attachment":[{"time":0.0667,"name":"dplight1"},{"time":0.1,"name":"dplight2"},{"time":0.1333,"name":"dplight3"},{"time":0.1667,"name":"dplight4"},{"time":0.2,"name":"dplight5"},{"time":0.2667,"name":"dplight6"},{"time":0.3333,"name":"dplight7"},{"time":0.4,"name":"dplight9"},{"time":0.4333,"name":"dplight10"},{"time":0.5333,"name":"dplight8"},{"time":0.5667,"name":"dplight11"},{"time":0.6333,"name":"dplight12"}]},"jtsg3":{"color":[{"color":"ffb34500","curve":"stepped"},{"time":0.7667,"color":"ffb34500"},{"time":1.1,"color":"ffb34555"},{"time":1.2667,"color":"ffb34500"}]},"jypg_6":{"color":[{"color":"ffffff00","curve":"stepped"},{"time":0.6333,"color":"ffffff00"},{"time":0.7,"color":"fff600ff"},{"time":0.7667,"color":"ffffff00"}]},"jypg_33":{"color":[{"color":"ffffff00","curve":"stepped"},{"time":0.8,"color":"ffffff00"},{"time":0.9,"color":"ffffffff","curve":"stepped"},{"time":0.9667,"color":"ffffffff"},{"time":1.0667,"color":"ffffff00"}]},"jtsg4":{"color":[{"color":"ffb34500"},{"time":0.3333,"color":"ffb34555"},{"time":0.5,"color":"ffb34500"},{"time":0.6333,"color":"ffb345ff"},{"time":0.7667,"color":"ffedd5ff"}]},"jypg_10":{"color":[{"color":"ffffff00","curve":"stepped"},{"time":0.6333,"color":"ffffff00"},{"time":0.7,"color":"fff600ff"},{"time":0.7667,"color":"ffffff00"}]},"jypg_11":{"color":[{"color":"ffffff00","curve":"stepped"},{"time":0.7667,"color":"ffffff00"},{"time":0.8667,"color":"ffffffff","curve":"stepped"},{"time":0.9,"color":"ffffffff"},{"time":1.0333,"color":"ffffff00"}]},"jypg_38":{"color":[{"color":"ffffff00","curve":"stepped"},{"time":0.6333,"color":"ffffff00"},{"time":0.7,"color":"fff600ff"},{"time":0.7667,"color":"ffffff00"}]},"dp2":{"color":[{"color":"ffffff00"},{"time":0.0667,"color":"ff5900ff","curve":"stepped"},{"time":0.6333,"color":"ff5900ff"},{"time":0.8333,"color":"ffffff00"}],"attachment":[{"time":0.0667,"name":"dplight1"},{"time":0.1,"name":"dplight2"},{"time":0.1333,"name":"dplight3"},{"time":0.1667,"name":"dplight4"},{"time":0.2,"name":"dplight5"},{"time":0.2667,"name":"dplight6"},{"time":0.3333,"name":"dplight7"},{"time":0.4,"name":"dplight9"},{"time":0.4333,"name":"dplight10"},{"time":0.5333,"name":"dplight8"},{"time":0.5667,"name":"dplight12"}]},"jtsg2":{"color":[{"color":"ffb34500"},{"time":0.3333,"color":"ffb34555"},{"time":0.5,"color":"ffb34500"},{"time":0.6333,"color":"ffb345ff"},{"time":0.7667,"color":"ffedd5ff"}]},"jypg_17":{"color":[{"color":"ffffff00","curve":"stepped"},{"time":0.8,"color":"ffffff00"},{"time":0.9,"color":"ffffffff","curve":"stepped"},{"time":0.9667,"color":"ffffffff"},{"time":1.0667,"color":"ffffff00"}]},"jtpg8":{"color":[{"color":"ffffff00","curve":"stepped"},{"time":1.5,"color":"ffffff00"},{"time":1.6667,"color":"ffffffff","curve":"stepped"},{"time":1.9667,"color":"ffffffff"},{"time":2.1667,"color":"ffffff00"}]},"jypg_24":{"color":[{"color":"ffffff00","curve":"stepped"},{"time":0.6333,"color":"ffffff00"},{"time":0.7,"color":"fff600ff"},{"time":0.7667,"color":"ffffff00"}]},"jypg_12":{"color":[{"color":"ffffff00","curve":"stepped"},{"time":0.6333,"color":"ffffff00"},{"time":0.7,"color":"fff600ff"},{"time":0.7667,"color":"ffffff00"}]},"jypg_16":{"color":[{"color":"ffffff00","curve":"stepped"},{"time":0.6333,"color":"ffffff00"},{"time":0.7,"color":"fff600ff"},{"time":0.7667,"color":"ffffff00"}]},"jypg_21":{"color":[{"color":"ffffff00","curve":"stepped"},{"time":0.6333,"color":"ffffff00"},{"time":0.7667,"color":"ffffffff"},{"time":0.9,"color":"ffffff00"}]},"jypg_37":{"color":[{"color":"ffffff00","curve":"stepped"},{"time":0.8,"color":"ffffff00"},{"time":0.9,"color":"ffffffff","curve":"stepped"},{"time":0.9667,"color":"ffffffff"},{"time":1.0667,"color":"ffffff00"}]},"dpsg":{"color":[{"color":"ffffff00"},{"time":0.5,"color":"ffffff28","curve":"stepped"},{"time":2,"color":"ffffff28"},{"time":2.5,"color":"ffffff00"}]},"jypg_25":{"color":[{"color":"ffffff00","curve":"stepped"},{"time":0.7667,"color":"ffffff00"},{"time":0.8667,"color":"ffffffff"},{"time":0.9667,"color":"ffffff00"}]}},"bones":{"dp":{"translate":[{"y":98.35}],"scale":[{"x":4.178,"y":4.178}]},"dpsg":{"translate":[{"x":-164.95,"y":-179.06},{"time":2.5,"x":217.7,"y":-179.06}]},"dpsg_12":{"translate":[{"x":-172.09,"y":-169.12},{"time":1,"x":-18.7,"y":-169.12},{"time":2.5,"x":212.88,"y":-169.12}],"scale":[{"x":2}],"shear":[{"y":7.38}]},"jtsg":{"rotate":[{"angle":76}],"translate":[{"x":-99.97,"y":132.77,"curve":"stepped"},{"time":0.1667,"x":-99.97,"y":132.77},{"time":0.3333,"x":-62.48,"y":132.77},{"time":0.9667,"x":-7.43,"y":132.77},{"time":1.8333,"x":97.08,"y":132.77},{"time":2.5,"x":160.89,"y":132.77}],"scale":[{"x":4.526,"y":3.953}]},"jtpg":{"rotate":[{"time":0.5},{"time":0.5667,"angle":10.04},{"time":0.6333,"angle":22.2},{"time":0.6667,"angle":46.4},{"time":0.7,"angle":69.35},{"time":0.7667,"angle":79.44},{"time":0.9,"angle":83.39,"curve":"stepped"},{"time":1,"angle":83.39},{"time":1.0333,"angle":180}],"translate":[{"y":244.73},{"time":0.3333,"y":224.19},{"time":0.5,"y":244.73},{"time":0.5667,"x":-36.34,"y":242.77},{"time":0.6333,"x":-77.82,"y":230.45},{"time":0.6667,"x":-122.83,"y":209},{"time":0.7,"x":-134.93,"y":183.54},{"time":0.7667,"x":-143.89,"y":160.29},{"time":0.9,"x":-165.81,"y":19.89},{"time":1,"x":-171.5,"y":-27.09},{"time":1.0333,"x":-151.73,"y":-48.62},{"time":1.0667,"x":-113.63,"y":-48.62},{"time":1.1333,"x":-100.14,"y":-48.62},{"time":1.2333,"x":-33.37,"y":-48.62}],"scale":[{"x":0.453,"y":0.453},{"time":0.3333,"x":1.965,"y":6.239},{"time":0.5,"x":0.1,"y":0.1},{"time":0.5667,"x":0.741,"y":1.701,"curve":"stepped"},{"time":0.6333,"x":0.741,"y":1.701},{"time":0.6667,"x":0.895,"y":2.167},{"time":0.7,"x":1.132,"y":2.936},{"time":0.7667,"x":1.132,"y":2.77},{"time":0.8333,"x":1.583,"y":2.652},{"time":0.9,"x":1.732,"y":2.566},{"time":1,"x":0.791,"y":2.118},{"time":1.0333,"x":0.895,"y":2.097},{"time":1.1333,"x":1.379,"y":1.516},{"time":1.2333,"x":0.134,"y":0.132}]},"jtsg2":{"rotate":[{"time":1,"angle":-1.65}],"scale":[{"x":0.932,"y":0.332,"curve":"stepped"},{"time":0.5,"x":0.932,"y":0.332},{"time":1,"x":0.673,"y":0.332}]},"jtsg3":{"translate":[{"y":245.5,"curve":"stepped"},{"time":0.7667,"y":245.5},{"time":1.1,"y":237.78}],"scale":[{"x":0.932,"y":0.332,"curve":"stepped"},{"time":0.7667,"x":0.932,"y":0.332},{"time":1.1,"x":5.132,"y":1.827},{"time":1.2667,"x":0.932,"y":0.332}]},"jypg_1":{"rotate":[{"angle":-160.39}],"translate":[{"x":-53.24,"y":238,"curve":"stepped"},{"time":0.6333,"x":-53.24,"y":238},{"time":0.7333,"x":-82.77,"y":246.99},{"time":0.9,"x":-156.6,"y":228.21}],"scale":[{"x":-0.315,"y":0.315,"curve":"stepped"},{"time":0.6333,"x":-0.315,"y":0.315},{"time":0.7,"x":-0.755,"y":0.755}]},"jypg_2":{"translate":[{"x":12.66},{"time":0.7,"x":7.03,"y":18.1}]},"jypg_3":{"rotate":[{"angle":-160.39}],"translate":[{"x":-87.21,"y":231.31,"curve":"stepped"},{"time":0.6,"x":-87.21,"y":231.31},{"time":0.7,"x":-96.05,"y":233.76},{"time":0.9333,"x":-162.7,"y":165.15}],"scale":[{"x":-0.315,"y":0.315,"curve":"stepped"},{"time":0.6,"x":-0.315,"y":0.315},{"time":0.6667,"x":-0.755,"y":0.755}]},"jypg_4":{"translate":[{"x":12.66},{"time":0.7,"x":7.03,"y":18.1}]},"jypg_5":{"rotate":[{"angle":-100.76}],"translate":[{"x":-139.12,"y":166.77,"curve":"stepped"},{"time":0.7667,"x":-139.12,"y":166.77},{"time":0.8333,"x":-163.18,"y":158.37},{"time":1.0333,"x":-206.11,"y":114.2}],"scale":[{"x":-0.315,"y":0.315,"curve":"stepped"},{"time":0.7667,"x":-0.315,"y":0.315},{"time":0.8667,"x":-0.755,"y":0.755}],"shear":[{"x":21.49,"y":-13.86}]},"jypg_6":{"translate":[{"x":12.66},{"time":0.7,"x":7.03,"y":18.1}]},"jypg_7":{"rotate":[{"angle":-100.76}],"translate":[{"x":-139.12,"y":166.77,"curve":"stepped"},{"time":0.7667,"x":-139.12,"y":166.77},{"time":0.8333,"x":-167.17,"y":179.44},{"time":1.0667,"x":-204.52,"y":130.74}],"scale":[{"x":-0.315,"y":0.315,"curve":"stepped"},{"time":0.7667,"x":-0.315,"y":0.315},{"time":0.8667,"x":-0.755,"y":0.755}],"shear":[{"x":15,"y":-5}]},"jypg_8":{"translate":[{"x":12.66},{"time":0.7,"x":7.03,"y":18.1}]},"jypg_9":{"rotate":[{"angle":-100.76}],"translate":[{"x":-139.12,"y":166.77,"curve":"stepped"},{"time":0.7667,"x":-139.12,"y":166.77},{"time":0.9,"x":-167.17,"y":179.44},{"time":1.0667,"x":-191.36,"y":152.47}],"scale":[{"x":-0.315,"y":0.315,"curve":"stepped"},{"time":0.7667,"x":-0.315,"y":0.315},{"time":0.8667,"x":-0.755,"y":0.755}],"shear":[{"x":15,"y":-5}]},"jypg_10":{"translate":[{"x":12.66},{"time":0.7,"x":7.03,"y":18.1}]},"jypg_11":{"rotate":[{"angle":-100.76}],"translate":[{"x":-139.12,"y":166.77,"curve":"stepped"},{"time":0.7667,"x":-139.12,"y":166.77},{"time":0.8667,"x":-167.17,"y":179.44},{"time":1.1,"x":-204.52,"y":130.74}],"scale":[{"x":-0.315,"y":0.315,"curve":"stepped"},{"time":0.7667,"x":-0.315,"y":0.315},{"time":0.8667,"x":-0.755,"y":0.755}],"shear":[{"x":15,"y":-5}]},"jypg_12":{"translate":[{"x":12.66},{"time":0.7,"x":7.03,"y":18.1}]},"jypg_13":{"rotate":[{"angle":113.55}],"translate":[{"x":-139.12,"y":166.77,"curve":"stepped"},{"time":0.8,"x":-139.12,"y":166.77},{"time":0.9,"x":-160.04,"y":103.34},{"time":1.0667,"x":-194.33,"y":52.39}],"scale":[{"x":-0.315,"y":0.315},{"time":0.8,"x":0.315,"y":0.315},{"time":0.9}]},"jypg_14":{"translate":[{"x":12.66},{"time":0.7,"x":7.03,"y":18.1}]},"jypg_15":{"rotate":[{"angle":-100.76},{"time":0.9,"angle":-99.73}],"translate":[{"x":-139.12,"y":166.77,"curve":"stepped"},{"time":0.8,"x":-139.12,"y":166.77},{"time":0.9,"x":-160.04,"y":103.34},{"time":1.0667,"x":-212.17,"y":78.85}],"scale":[{"x":-0.315,"y":0.315},{"time":0.8,"x":0.315,"y":0.315},{"time":0.9}]},"jypg_16":{"translate":[{"x":12.66},{"time":0.7,"x":7.03,"y":18.1}]},"jypg_17":{"rotate":[{"angle":-100.76},{"time":0.9,"angle":-99.73}],"translate":[{"x":-139.12,"y":166.77,"curve":"stepped"},{"time":0.8,"x":-139.12,"y":166.77},{"time":0.9,"x":-165.16,"y":114.81},{"time":1.0667,"x":-181.62,"y":103.62}],"scale":[{"x":-0.315,"y":0.315},{"time":0.8,"x":0.315,"y":0.315},{"time":0.9},{"time":1.0667,"x":2,"y":2}]},"jypg_18":{"translate":[{"x":12.66},{"time":0.7,"x":7.03,"y":18.1}]},"jypg_19":{"rotate":[{"angle":-100.76},{"time":0.9333,"angle":-99.73}],"translate":[{"x":-139.12,"y":166.77},{"time":0.8333,"x":-160.7,"y":21.96},{"time":0.9333,"x":-165.09,"y":21.62},{"time":1.1,"x":-194.86,"y":26.35}],"scale":[{"x":-0.315,"y":0.315},{"time":0.8333,"x":0.315,"y":0.315},{"time":0.9333},{"time":1.1,"x":2,"y":2}]},"jypg_20":{"translate":[{"x":12.66},{"time":0.7,"x":7.03,"y":18.1}]},"bone":{"scale":[{"x":-1,"y":-1}]},"jtpg2":{"rotate":[{"time":0.5},{"time":0.5667,"angle":10.04},{"time":0.6333,"angle":22.2},{"time":0.6667,"angle":46.4},{"time":0.7,"angle":69.35},{"time":0.7667,"angle":79.44},{"time":0.9,"angle":83.39,"curve":"stepped"},{"time":1,"angle":83.39},{"time":1.0333,"angle":180}],"translate":[{"y":244.73},{"time":0.3333,"y":228.2},{"time":0.5,"y":244.73},{"time":0.5667,"x":-36.34,"y":242.77},{"time":0.6333,"x":-77.82,"y":230.45},{"time":0.6667,"x":-122.83,"y":209},{"time":0.7,"x":-134.93,"y":183.54},{"time":0.7667,"x":-143.89,"y":160.29},{"time":0.9,"x":-165.81,"y":19.89},{"time":1,"x":-171.5,"y":-27.09},{"time":1.0333,"x":-151.73,"y":-48.62},{"time":1.0667,"x":-113.63,"y":-48.62},{"time":1.1333,"x":-100.14,"y":-48.62},{"time":1.2333,"x":-33.37,"y":-48.62}],"scale":[{"x":0.453,"y":0.453},{"time":0.3333,"x":1.965,"y":6.239},{"time":0.5,"x":0.1,"y":0.1},{"time":0.5667,"x":0.741,"y":1.701,"curve":"stepped"},{"time":0.6333,"x":0.741,"y":1.701},{"time":0.6667,"x":0.895,"y":2.167},{"time":0.7,"x":1.132,"y":2.936},{"time":0.7667,"x":1.132,"y":2.77},{"time":0.8333,"x":1.583,"y":2.652},{"time":0.9,"x":1.732,"y":2.566},{"time":1,"x":0.791,"y":2.118},{"time":1.0333,"x":0.895,"y":2.097},{"time":1.1333,"x":1.379,"y":1.516},{"time":1.2333,"x":0.134,"y":0.132}]},"jtsg4":{"rotate":[{"time":1,"angle":-1.65}],"scale":[{"x":0.932,"y":0.332,"curve":"stepped"},{"time":0.5,"x":0.932,"y":0.332},{"time":1,"x":0.673,"y":0.332}]},"jypg_21":{"rotate":[{"angle":-160.39}],"translate":[{"x":-53.24,"y":238,"curve":"stepped"},{"time":0.6333,"x":-53.24,"y":238},{"time":0.7333,"x":-82.77,"y":246.99},{"time":0.9,"x":-156.6,"y":228.21}],"scale":[{"x":-0.315,"y":0.315,"curve":"stepped"},{"time":0.6333,"x":-0.315,"y":0.315},{"time":0.7,"x":-0.755,"y":0.755}]},"jypg_22":{"translate":[{"x":12.66},{"time":0.7,"x":7.03,"y":18.1}]},"jypg_23":{"rotate":[{"angle":-160.39}],"translate":[{"x":-87.21,"y":231.31,"curve":"stepped"},{"time":0.6,"x":-87.21,"y":231.31},{"time":0.7,"x":-96.05,"y":233.76},{"time":0.9333,"x":-162.7,"y":165.15}],"scale":[{"x":-0.315,"y":0.315,"curve":"stepped"},{"time":0.6,"x":-0.315,"y":0.315},{"time":0.6667,"x":-0.755,"y":0.755}]},"jypg_24":{"translate":[{"x":12.66},{"time":0.7,"x":7.03,"y":18.1}]},"jypg_25":{"rotate":[{"angle":-100.76}],"translate":[{"x":-139.12,"y":166.77,"curve":"stepped"},{"time":0.7667,"x":-139.12,"y":166.77},{"time":0.8333,"x":-163.18,"y":158.37},{"time":1.0333,"x":-206.11,"y":114.2}],"scale":[{"x":-0.315,"y":0.315,"curve":"stepped"},{"time":0.7667,"x":-0.315,"y":0.315},{"time":0.8667,"x":-0.755,"y":0.755}],"shear":[{"x":21.49,"y":-13.86}]},"jypg_26":{"translate":[{"x":12.66},{"time":0.7,"x":7.03,"y":18.1}]},"jypg_27":{"rotate":[{"angle":-100.76}],"translate":[{"x":-139.12,"y":166.77,"curve":"stepped"},{"time":0.7667,"x":-139.12,"y":166.77},{"time":0.8333,"x":-167.17,"y":179.44},{"time":1.0667,"x":-204.52,"y":130.74}],"scale":[{"x":-0.315,"y":0.315,"curve":"stepped"},{"time":0.7667,"x":-0.315,"y":0.315},{"time":0.8667,"x":-0.755,"y":0.755}],"shear":[{"x":15,"y":-5}]},"jypg_28":{"translate":[{"x":12.66},{"time":0.7,"x":7.03,"y":18.1}]},"jypg_29":{"rotate":[{"angle":-100.76}],"translate":[{"x":-139.12,"y":166.77,"curve":"stepped"},{"time":0.7667,"x":-139.12,"y":166.77},{"time":0.9,"x":-167.17,"y":179.44},{"time":1.0667,"x":-191.36,"y":152.47}],"scale":[{"x":-0.315,"y":0.315,"curve":"stepped"},{"time":0.7667,"x":-0.315,"y":0.315},{"time":0.8667,"x":-0.755,"y":0.755}],"shear":[{"x":15,"y":-5}]},"jypg_30":{"translate":[{"x":12.66},{"time":0.7,"x":7.03,"y":18.1}]},"jypg_31":{"rotate":[{"angle":-100.76}],"translate":[{"x":-139.12,"y":166.77,"curve":"stepped"},{"time":0.7667,"x":-139.12,"y":166.77},{"time":0.8667,"x":-167.17,"y":179.44},{"time":1.1,"x":-204.52,"y":130.74}],"scale":[{"x":-0.315,"y":0.315,"curve":"stepped"},{"time":0.7667,"x":-0.315,"y":0.315},{"time":0.8667,"x":-0.755,"y":0.755}],"shear":[{"x":15,"y":-5}]},"jypg_32":{"translate":[{"x":12.66},{"time":0.7,"x":7.03,"y":18.1}]},"jypg_33":{"rotate":[{"angle":113.55}],"translate":[{"x":-139.12,"y":166.77,"curve":"stepped"},{"time":0.8,"x":-139.12,"y":166.77},{"time":0.9,"x":-160.04,"y":103.34},{"time":1.0667,"x":-194.33,"y":52.39}],"scale":[{"x":-0.315,"y":0.315},{"time":0.8,"x":0.315,"y":0.315},{"time":0.9}]},"jypg_34":{"translate":[{"x":12.66},{"time":0.7,"x":7.03,"y":18.1}]},"jypg_35":{"rotate":[{"angle":-100.76},{"time":0.9,"angle":-99.73}],"translate":[{"x":-139.12,"y":166.77,"curve":"stepped"},{"time":0.8,"x":-139.12,"y":166.77},{"time":0.9,"x":-160.04,"y":103.34},{"time":1.0667,"x":-212.17,"y":78.85}],"scale":[{"x":-0.315,"y":0.315},{"time":0.8,"x":0.315,"y":0.315},{"time":0.9}]},"jypg_36":{"translate":[{"x":12.66},{"time":0.7,"x":7.03,"y":18.1}]},"jypg_37":{"rotate":[{"angle":-100.76},{"time":0.9,"angle":-99.73}],"translate":[{"x":-139.12,"y":166.77,"curve":"stepped"},{"time":0.8,"x":-139.12,"y":166.77},{"time":0.9,"x":-165.16,"y":114.81},{"time":1.0667,"x":-181.62,"y":103.62}],"scale":[{"x":-0.315,"y":0.315},{"time":0.8,"x":0.315,"y":0.315},{"time":0.9},{"time":1.0667,"x":2,"y":2}]},"jypg_38":{"translate":[{"x":12.66},{"time":0.7,"x":7.03,"y":18.1}]},"jypg_39":{"rotate":[{"angle":-100.76},{"time":0.9333,"angle":-99.73}],"translate":[{"x":-139.12,"y":166.77},{"time":0.8333,"x":-160.7,"y":21.96},{"time":0.9333,"x":-165.09,"y":21.62},{"time":1.1,"x":-194.86,"y":26.35}],"scale":[{"x":-0.315,"y":0.315},{"time":0.8333,"x":0.315,"y":0.315},{"time":0.9333},{"time":1.1,"x":2,"y":2}]},"jypg_40":{"translate":[{"x":12.66},{"time":0.7,"x":7.03,"y":18.1}]},"bone2":{"scale":[{"y":-1}]},"jtsg5":{"translate":[{"x":-305.35,"y":-85.83,"curve":"stepped"},{"time":1.2,"x":-305.35,"y":-85.83},{"time":1.5333,"x":13.86,"y":-85.83},{"time":1.9,"x":357.56,"y":-85.83}],"scale":[{"x":2.838,"y":5.029}],"shear":[{"y":-29}]},"jtsg6":{"translate":[{"x":-305.35,"y":-180.47,"curve":"stepped"},{"time":1.5333,"x":-305.35,"y":-180.47},{"time":1.8667,"x":-42.75,"y":-180.47},{"time":2.2333,"x":357.56,"y":-180.47}],"scale":[{"x":2.838,"y":5.029}],"shear":[{"y":-29}]},"jtsg7":{"translate":[{"x":2.38,"y":-46.33}],"scale":[{"y":0.346}]},"jtpg3":{"translate":[{"x":-0.01,"y":-10.04}],"scale":[{"x":0.438,"y":0.276}]},"jtpg4":{"translate":[{"x":2.19,"y":6.19}],"scale":[{"x":0.438,"y":0.276}]},"jtpg5":{"translate":[{"x":0.86,"y":-11.06}],"scale":[{"x":0.438,"y":0.276}]},"jtpg6":{"translate":[{"x":-0.85,"y":11.47}],"scale":[{"x":0.438,"y":0.276}]},"jqsg":{"translate":[{"x":130.91,"y":-199.41,"curve":"stepped"},{"time":1.9667,"x":130.91,"y":-199.41},{"time":2.0667,"x":130.91,"y":-199.41},{"time":2.2,"x":130.91,"y":-224.67}],"scale":[{"x":0.475,"y":-0.76,"curve":"stepped"},{"time":1.8,"x":0.475,"y":-0.76},{"time":1.9667,"x":0.695,"y":-0.76},{"time":2.0667,"x":0.588,"y":-0.76},{"time":2.2,"x":0.16,"y":-0.76}],"shear":[{"time":1.8},{"time":2.0667,"y":11.2},{"time":2.2}]},"jqsg2":{"translate":[{"x":-47,"y":-199.41,"curve":"stepped"},{"time":1.8667,"x":-47,"y":-199.41},{"time":1.9667,"x":-47,"y":-199.41},{"time":2.0667,"x":-44.64,"y":-224.67}],"scale":[{"x":0.475,"y":-0.76,"curve":"stepped"},{"time":1.7,"x":0.475,"y":-0.76},{"time":1.8667,"x":0.695,"y":-0.76},{"time":1.9667,"x":0.588,"y":-0.76},{"time":2.0667,"x":0.16,"y":-0.76}],"shear":[{"time":1.7},{"time":1.9667,"y":11.2},{"time":2.0667}]},"jqsg3":{"translate":[{"x":37.67,"y":-199.41,"curve":"stepped"},{"time":2,"x":37.67,"y":-199.41},{"time":2.1,"x":37.67,"y":-230.15},{"time":2.1667,"x":37.67,"y":-224.67}],"scale":[{"x":0.475,"y":-0.76},{"time":1.8333,"x":0.475,"y":-0.68},{"time":2,"x":0.695,"y":-0.692},{"time":2.1,"x":0.588,"y":-0.706},{"time":2.1667,"x":0.16,"y":-0.726}],"shear":[{"time":1.8333},{"time":2.1,"y":11.2},{"time":2.1667}]},"jqsg4":{"translate":[{"x":-130.72,"y":-199.41,"curve":"stepped"},{"time":1.8333,"x":-130.72,"y":-199.41},{"time":1.9333,"x":-130.72,"y":-230.15},{"time":2,"x":-130.72,"y":-224.67}],"scale":[{"x":0.475,"y":-0.76,"curve":"stepped"},{"time":1.6667,"x":0.475,"y":-0.76},{"time":1.8333,"x":0.695,"y":-0.76},{"time":1.9333,"x":0.588,"y":-0.76},{"time":2,"x":0.16,"y":-0.76}],"shear":[{"time":1.6667},{"time":1.9333,"y":11.2},{"time":2}]},"jtpg7":{"rotate":[{"angle":88.17,"curve":"stepped"},{"time":1.6667,"angle":88.17},{"time":2.1667,"angle":97.12}],"translate":[{"x":-173.07,"y":-165.45,"curve":"stepped"},{"time":1.6667,"x":-173.07,"y":-165.45},{"time":2.1333,"x":-173.07,"y":-213.36}],"scale":[{"x":0.527,"y":0.835,"curve":"stepped"},{"time":1.6667,"x":0.527,"y":0.835},{"time":1.8667,"x":0.78,"y":1.425},{"time":2.1667,"x":0.17,"y":0.843}]},"jtpg8":{"rotate":[{"angle":88.17,"curve":"stepped"},{"time":1.6667,"angle":88.17},{"time":2.1333,"angle":92.68},{"time":2.1667,"angle":97.12}],"translate":[{"x":-86.85,"y":-165.45,"curve":"stepped"},{"time":1.6667,"x":-86.85,"y":-165.45},{"time":2.1333,"x":-86.85,"y":-213.36}],"scale":[{"x":0.527,"y":0.835,"curve":"stepped"},{"time":1.6667,"x":0.527,"y":0.835},{"time":1.8667,"x":0.78,"y":1.425},{"time":2.1667,"x":0.17,"y":0.843}]},"jtpg9":{"rotate":[{"angle":88.17,"curve":"stepped"},{"time":1.7667,"angle":88.17},{"time":2.2333,"angle":88},{"time":2.2667,"angle":97.12}],"translate":[{"x":-1.83,"y":-165.45,"curve":"stepped"},{"time":1.7667,"x":-1.83,"y":-165.45},{"time":2.2333,"x":-1.83,"y":-213.36}],"scale":[{"x":0.527,"y":0.835,"curve":"stepped"},{"time":1.7667,"x":0.527,"y":0.835},{"time":1.9667,"x":0.78,"y":1.425},{"time":2.2667,"x":0.17,"y":0.843}]},"jtpg10":{"rotate":[{"angle":88.17},{"time":1.9333,"angle":90.46},{"time":2.4,"angle":90.23},{"time":2.4333,"angle":97.12}],"translate":[{"x":83.94,"y":-165.45,"curve":"stepped"},{"time":1.9333,"x":83.94,"y":-165.45},{"time":2.4,"x":83.94,"y":-213.36}],"scale":[{"x":0.527,"y":0.835,"curve":"stepped"},{"time":1.9333,"x":0.527,"y":0.835},{"time":2.1333,"x":0.78,"y":1.425},{"time":2.4333,"x":0.17,"y":0.843}]},"jtpg11":{"rotate":[{"angle":88.17},{"time":2.0667,"angle":96.58},{"time":2.5667,"angle":80.48}],"translate":[{"x":177.38,"y":-165.45,"curve":"stepped"},{"time":2.0667,"x":177.38,"y":-165.45},{"time":2.5333,"x":177.38,"y":-213.36}],"scale":[{"x":0.527,"y":0.835,"curve":"stepped"},{"time":2.0667,"x":0.527,"y":0.835},{"time":2.2667,"x":0.78,"y":1.425},{"time":2.5667,"x":0.17,"y":0.843}]},"dpsg2":{"translate":[{"x":-179.89,"y":-87.96},{"time":2.5,"x":217.7,"y":-87.96}]},"jtsg8":{"translate":[{"x":-147.84,"y":-52.21},{"time":0.1667,"x":-107.71,"y":-52.21},{"time":1.8667,"x":129.74,"y":-52.21},{"time":2.0333,"x":163.04,"y":-52.21}],"scale":[{"y":0.503}]}}},"open2":{"slots":{"lizi":{"color":[{"color":"ffffff00"}]},"jypg_1":{"color":[{"color":"ffffff00"}]},"jypg_9":{"color":[{"color":"ffffff00"}]},"jypg_40":{"color":[{"color":"ffffff00"}]},"jypg_32":{"color":[{"color":"ffffff00"}]},"jtpg3":{"color":[{"color":"ffffff00"}]},"jypg_7":{"color":[{"color":"ffffff00"}]},"jtpg6":{"color":[{"color":"ffffff00"}]},"jtpg7":{"color":[{"color":"ffffff00"}]},"jypg_35":{"color":[{"color":"ffffff00"}]},"jypg_18":{"color":[{"color":"ffffff00"}]},"jypg_28":{"color":[{"color":"ffffff00"}]},"jqsg2":{"color":[{"color":"ffffff00"}]},"jypg_15":{"color":[{"color":"ffffff00"}]},"jtsg5":{"color":[{"color":"ffffff00"}]},"jypg_4":{"color":[{"color":"ffffff00"}]},"jypg_14":{"color":[{"color":"ffffff00"}]},"jypg_26":{"color":[{"color":"ffffff00"}]},"jqsg":{"color":[{"color":"ffffff00"}]},"jypg_5":{"color":[{"color":"ffffff00"}]},"jtpg":{"color":[{"color":"ffffff00"}]},"jtpg11":{"color":[{"color":"ffffff00"}]},"jtsg7":{"color":[{"color":"ffab5f00","curve":"stepped"},{"time":1.2667,"color":"ffab5f00"},{"time":1.5,"color":"ff7f0be4"},{"time":2,"color":"ff7e0b00"}]},"jypg_13":{"color":[{"color":"ffffff00"}]},"dpsg_12":{"color":[{"color":"ffffff00"}]},"jypg_2":{"color":[{"color":"ffffff00"}]},"jqsg3":{"color":[{"color":"ffffff00"}]},"jypg_19":{"color":[{"color":"ffffff00"}]},"jypg_23":{"color":[{"color":"ffffff00"}]},"jtpg9":{"color":[{"color":"ffffff00"}]},"jypg_22":{"color":[{"color":"ffffff00"}]},"jypg_11":{"color":[{"color":"ffffff00"}]},"jtsg6":{"color":[{"color":"ffffff00"}]},"dpsg2":{"color":[{"color":"ffffff00"}]},"jypg_34":{"color":[{"color":"ffffff00"}]},"jypg_39":{"color":[{"color":"ffffff00"}]},"jypg_29":{"color":[{"color":"ffffff00"}]},"jtpg5":{"color":[{"color":"ffffff00"}]},"jypg_8":{"color":[{"color":"ffffff00"}]},"jypg_30":{"color":[{"color":"ffffff00"}]},"jtsg8":{"color":[{"color":"ffffff00"}]},"jypg_31":{"color":[{"color":"ffffff00"}]},"jypg_27":{"color":[{"color":"ffffff00"}]},"jtpg10":{"color":[{"color":"ffffff00"}]},"jtsg":{"color":[{"color":"ffffff00"}]},"jypg_36":{"color":[{"color":"ffffff00"}]},"jypg_3":{"color":[{"color":"ffffff00"}]},"jqsg4":{"color":[{"color":"ffffff00"}]},"dp":{"color":[{"color":"ffffff00"}]},"jtsg3":{"color":[{"color":"ffffff00"}]},"jypg_6":{"color":[{"color":"ffffff00"}]},"jypg_33":{"color":[{"color":"ffffff00"}]},"jtsg4":{"color":[{"color":"ffffff00"}]},"jypg_10":{"color":[{"color":"ffffff00"}]},"jypg_38":{"color":[{"color":"ffffff00"}]},"dp2":{"color":[{"color":"ffffff00"}]},"jtpg2":{"color":[{"color":"ffffff00"}]},"jypg_17":{"color":[{"color":"ffffff00"}]},"jypg_20":{"color":[{"color":"ffffff00"}]},"jtpg8":{"color":[{"color":"ffffff00"}]},"jypg_24":{"color":[{"color":"ffffff00"}]},"jypg_12":{"color":[{"color":"ffffff00"}]},"jtpg4":{"color":[{"color":"ffffff00"}]},"jypg_16":{"color":[{"color":"ffffff00"}]},"jypg_21":{"color":[{"color":"ffffff00"}]},"jypg_37":{"color":[{"color":"ffffff00"}]},"dpsg":{"color":[{"color":"ffffff00"}]},"jypg_25":{"color":[{"color":"ffffff00"}]},"jtsg2":{"color":[{"color":"ffffff00"}]}},"bones":{"jtsg7":{"translate":[{"x":2.38,"y":-46.33}],"scale":[{"y":0.346,"curve":"stepped"},{"time":1.2667,"y":0.346},{"time":1.5,"x":2.232,"y":0.79},{"time":2,"y":0.346}]}}},"open3":{"slots":{"jypg_20":{"color":[{"color":"ffffff00"}]},"jypg_1":{"color":[{"color":"ffffff00"}]},"jypg_9":{"color":[{"color":"ffffff00"}]},"jypg_40":{"color":[{"color":"ffffff00"}]},"jtsg3":{"color":[{"color":"ffffff00"}]},"jypg_32":{"color":[{"color":"ffffff00"}]},"jtpg3":{"color":[{"color":"ffffff00"}]},"jypg_7":{"color":[{"color":"ffffff00"}]},"jtpg6":{"color":[{"color":"ffffff00"}]},"jtpg7":{"color":[{"color":"ffffff00"}]},"jypg_35":{"color":[{"color":"ffffff00"}]},"jypg_18":{"color":[{"color":"ffffff00"}]},"jypg_28":{"color":[{"color":"ffffff00"}]},"jypg_5":{"color":[{"color":"ffffff00"}]},"jypg_15":{"color":[{"color":"ffffff00"}]},"jtsg5":{"color":[{"color":"ffffff00"}]},"jypg_4":{"color":[{"color":"ffffff00"}]},"jypg_14":{"color":[{"color":"ffffff00"}]},"jypg_26":{"color":[{"color":"ffffff00"}]},"jqsg":{"color":[{"color":"ffffff00"}]},"jqsg2":{"color":[{"color":"ffffff00"}]},"jypg_34":{"color":[{"color":"ffffff00"}]},"jtpg":{"color":[{"color":"ffffff00"}]},"jtpg11":{"color":[{"color":"ffffff00"}]},"jtsg7":{"color":[{"color":"ffab5f00"}]},"jypg_13":{"color":[{"color":"ffffff00"}]},"dpsg_12":{"color":[{"color":"ffffff00"}]},"jypg_2":{"color":[{"color":"ffffff00"}]},"jqsg3":{"color":[{"color":"ffffff00"}]},"jypg_19":{"color":[{"color":"ffffff00"}]},"jypg_23":{"color":[{"color":"ffffff00"}]},"jtpg9":{"color":[{"color":"ffffff00"}]},"jypg_22":{"color":[{"color":"ffffff00"}]},"jypg_11":{"color":[{"color":"ffffff00"}]},"jtsg6":{"color":[{"color":"ffffff00"}]},"dpsg2":{"color":[{"color":"ffffff00"},{"time":0.5,"color":"ffffff13","curve":"stepped"},{"time":2,"color":"ffffff13"},{"time":2.5,"color":"ffffff00"}]},"jypg_39":{"color":[{"color":"ffffff00"}]},"jypg_29":{"color":[{"color":"ffffff00"}]},"jtpg5":{"color":[{"color":"ffffff00"}]},"jypg_30":{"color":[{"color":"ffffff00"}]},"jtsg8":{"color":[{"color":"ffffff00"}]},"jypg_31":{"color":[{"color":"ffffff00"}]},"lizi":{"color":[{"color":"ffffff00"}]},"jtpg10":{"color":[{"color":"ffffff00"}]},"jtsg":{"color":[{"color":"ffffff00"},{"time":0.1,"color":"ffffff00"},{"time":0.3333,"color":"ffffff32","curve":"stepped"},{"time":2.1667,"color":"ffffff32"},{"time":2.5,"color":"ffffff00"}]},"jypg_36":{"color":[{"color":"ffffff00"}]},"jypg_3":{"color":[{"color":"ffffff00"}]},"jqsg4":{"color":[{"color":"ffffff00"}]},"dp":{"color":[{"color":"ffffff00"}]},"jypg_27":{"color":[{"color":"ffffff00"}]},"jypg_8":{"color":[{"color":"ffffff00"}]},"jypg_33":{"color":[{"color":"ffffff00"}]},"jtsg4":{"color":[{"color":"ffffff00"}]},"jypg_10":{"color":[{"color":"ffffff00"}]},"jypg_38":{"color":[{"color":"ffffff00"}]},"dp2":{"color":[{"color":"ffffff00"}]},"jtpg2":{"color":[{"color":"ffffff00"}]},"jypg_17":{"color":[{"color":"ffffff00"}]},"jtpg8":{"color":[{"color":"ffffff00"}]},"jypg_24":{"color":[{"color":"ffffff00"}]},"jypg_12":{"color":[{"color":"ffffff00"}]},"jtpg4":{"color":[{"color":"ffffff00"}]},"jypg_16":{"color":[{"color":"ffffff00"}]},"jypg_21":{"color":[{"color":"ffffff00"}]},"jypg_6":{"color":[{"color":"ffffff00"}]},"jypg_37":{"color":[{"color":"ffffff00"}]},"dpsg":{"color":[{"color":"ffffff00"},{"time":0.5,"color":"ffffff28","curve":"stepped"},{"time":2,"color":"ffffff28"},{"time":2.5,"color":"ffffff00"}]},"jypg_25":{"color":[{"color":"ffffff00"}]},"jtsg2":{"color":[{"color":"ffffff00"}]}},"bones":{"jtsg":{"rotate":[{"angle":76}],"translate":[{"x":-99.97,"y":132.77,"curve":"stepped"},{"time":0.1667,"x":-99.97,"y":132.77},{"time":0.3333,"x":-62.48,"y":132.77},{"time":0.9667,"x":-7.43,"y":132.77},{"time":1.8333,"x":97.08,"y":132.77},{"time":2.5,"x":160.89,"y":132.77}],"scale":[{"x":4.526,"y":3.953}]},"dpsg":{"translate":[{"x":-164.95,"y":-179.06},{"time":2.5,"x":217.7,"y":-179.06}]},"dpsg2":{"translate":[{"x":-179.89,"y":-87.96},{"time":2.5,"x":217.7,"y":-87.96}]},"jtsg7":{"translate":[{"x":2.38,"y":-46.33}],"scale":[{"y":0.346}]}}}}},[0]]],0,0,[0],[-1],[0]]