[1,["3cLmPrahZDja7OFyUbGcb4","cdbPNeHGZE7KP2c3IdU2/x","74Ptu9uw1FB5QxeBws0fur","a9shNw8/ZLdaOjyWsOJvqE","58QzVjr5JGmLw5kyt4UxEx","273AnbVfBFsKh9LFlrYP9R","f8lkG1HwRD+ZplqoxhoIUn","aeKgMuf15O96/KEryGpwXo","e7t3oLfc9JqoTKNlj28Ppt","f3AgBPcG9JfpEyWztBfK9X","4fmgKpGQ5Lk56q/Q3xsqgq","8b1sLWCZdBmpY3O1DH4Hyg","859YyizTRDlbxUZYKKZKlz","f0PAxIyldJMLFqxJrgz9oU","55iGbFXjREDYUkNtpQ4mEs","6b6SewiiZL/buWdeOpTegY","adht64nn9Dn7IKpqRy96fy","05fJh4iKJGBLo3P5DQzOi9","17SnGsDgdOGpeCW6JB+ITT","a5xLPhxfpBuYTqO7M3AbN1","bbD2KrQPxPsZr68jE9LumO","67Pd2rntBJ0YfyoSxbGf84","b7fJKnimpL5KSYezIE9fzn","d1POOntzJPDaPB22ZiTQ7N","7bk3jNBkRIk4Wcpf+0hKc4","faBT5DfZlMI7yYPzBu22MQ","77wbAKllVN2ptOaZoRE+R8","64vPkClZ1IuLqdpbqxGV3P","46mk+OUrZFPbwnynB+TySG"],["_textureSetter","1","2","3","4","5","6","7","8","9","10","11","12","13","14","15","16","17","18","19","+","blue_bg","green_bg","leftturn_bg","red_bg","respin","scatter","supperscatter","winbg"],["cc.SpriteFrame",["cc.SpriteAtlas",["_name","_spriteFrames"],2,11]],[[1,0,1,2]],[[[{"name":"17","rect":[924,1112,93,16],"offset":[0,0],"originalSize":[93,16],"capInsets":[0,0,0,0]}],[0],0,[0],[0],[0]],[[{"name":"18","rect":[514,536,96,82],"offset":[0,0],"originalSize":[96,82],"capInsets":[0,0,0,0]}],[0],0,[0],[0],[0]],[[{"name":"5","rect":[853,2,135,137],"offset":[0,0],"originalSize":[135,137],"capInsets":[0,0,0,0]}],[0],0,[0],[0],[0]],[[{"name":"winbg","rect":[439,1890,26,132],"offset":[0,0],"originalSize":[26,132],"capInsets":[3,0,3,0]}],[0],0,[0],[0],[0]],[[{"name":"10","rect":[2,1157,494,486],"offset":[0,0],"originalSize":[494,486],"capInsets":[0,0,0,0]}],[0],0,[0],[0],[0]],[[{"name":"14","rect":[440,1645,17,223],"offset":[0,0],"originalSize":[17,223],"capInsets":[0,0,0,0]}],[0],0,[0],[0],[0]],[[{"name":"4","rect":[508,1112,414,14],"offset":[0,0],"originalSize":[414,14],"capInsets":[0,0,0,10]}],[0],0,[0],[0],[0]],[[{"name":"supperscatter","rect":[399,1645,243,39],"offset":[0,0],"originalSize":[243,39],"rotated":1,"capInsets":[0,0,0,0]}],[0],0,[0],[0],[0]],[[{"name":"blue_bg","rect":[514,434,430,100],"offset":[0,0],"originalSize":[430,100],"capInsets":[0,0,0,0]}],[0],0,[0],[0],[0]],[[{"name":"15","rect":[508,646,365,362],"offset":[0,0],"originalSize":[365,362],"capInsets":[0,0,0,0]}],[0],0,[0],[0],[0]],[[{"name":"2","rect":[498,1157,441,467],"offset":[0,0],"originalSize":[441,467],"capInsets":[0,0,0,0]}],[0],0,[0],[0],[0]],[[{"name":"scatter","rect":[399,1890,146,38],"offset":[0,0],"originalSize":[146,38],"rotated":1,"capInsets":[0,0,0,0]}],[0],0,[0],[0],[0]],[[{"name":"red_bg","rect":[508,1010,430,100],"offset":[0,0],"originalSize":[430,100],"capInsets":[0,0,0,0]}],[0],0,[0],[0],[0]],[[{"name":"12","rect":[589,1965,65,73],"offset":[0,0],"originalSize":[65,73],"rotated":1,"capInsets":[0,0,0,0]}],[0],0,[0],[0],[0]],[[{"name":"11","rect":[941,1130,49,472],"offset":[0,0],"originalSize":[49,472],"capInsets":[0,0,0,0]}],[0],0,[0],[0],[0]],[[[0,"game_1.plist",[{},"1",6,0,"2",6,1,"3",6,2,"4",6,3,"5",6,4,"6",6,5,"7",6,6,"8",6,7,"9",6,8,"10",6,9,"11",6,10,"12",6,11,"13",6,12,"14",6,13,"15",6,14,"16",6,15,"17",6,16,"18",6,17,"19",6,18,"+",6,19,"blue_bg",6,20,"green_bg",6,21,"leftturn_bg",6,22,"red_bg",6,23,"respin",6,24,"scatter",6,25,"supperscatter",6,26,"winbg",6,27]]],0,0,[0,0,0,0,0,0,0,0,0,0,0,0,0,0,0,0,0,0,0,0,0,0,0,0,0,0,0,0],[1,2,3,4,5,6,7,8,9,10,11,12,13,14,15,16,17,18,19,20,21,22,23,24,25,26,27,28],[1,2,3,4,5,6,7,8,9,10,11,12,13,14,15,16,17,18,19,20,21,22,23,24,25,26,27,28]],[[{"name":"19","rect":[875,536,96,82],"offset":[0,0],"originalSize":[96,82],"rotated":1,"capInsets":[0,0,0,0]}],[0],0,[0],[0],[0]],[[{"name":"3","rect":[514,2,235,271],"offset":[0,0],"originalSize":[235,271],"capInsets":[0,0,0,0]}],[0],0,[0],[0],[0]],[[{"name":"16","rect":[2,1645,395,395],"offset":[0,0],"originalSize":[395,395],"capInsets":[0,0,0,0]}],[0],0,[0],[0],[0]],[[{"name":"7","rect":[853,268,109,118],"offset":[0,0],"originalSize":[109,118],"rotated":1,"capInsets":[0,0,0,0]}],[0],0,[0],[0],[0]],[[{"name":"green_bg","rect":[751,2,430,100],"offset":[0,0],"originalSize":[430,100],"rotated":1,"capInsets":[0,0,0,0]}],[0],0,[0],[0],[0]],[[{"name":"+","rect":[664,1965,57,58],"offset":[0,0],"originalSize":[57,98],"rotated":1,"capInsets":[0,0,0,0]}],[0],0,[0],[0],[0]],[[{"name":"1","rect":[498,1626,459,337],"offset":[0,0],"originalSize":[459,337],"capInsets":[0,0,0,0]}],[0],0,[0],[0],[0]],[[{"name":"leftturn_bg","rect":[514,275,202,100],"offset":[0,0],"originalSize":[202,100],"capInsets":[56,17,0,16]}],[0],0,[0],[0],[0]],[[{"name":"8","rect":[2,2,642,510],"offset":[0,0],"originalSize":[642,510],"rotated":1,"capInsets":[0,0,0,0]}],[0],0,[0],[0],[0]],[[{"name":"13","rect":[959,1604,48,413],"offset":[0,0],"originalSize":[48,413],"capInsets":[0,0,0,0]}],[0],0,[0],[0],[0]],[[{"name":"9","rect":[2,646,504,509],"offset":[0,0],"originalSize":[504,509],"capInsets":[0,0,0,0]}],[0],0,[0],[0],[0]],[[{"name":"6","rect":[853,141,125,125],"offset":[0,0],"originalSize":[125,125],"capInsets":[0,0,0,0]}],[0],0,[0],[0],[0]],[[{"name":"respin","rect":[467,1965,120,38],"offset":[0,0],"originalSize":[120,38],"capInsets":[0,0,0,0]}],[0],0,[0],[0],[0]]]]