[1,["3d25mz2bVAYba75mMW/bvA","c5qN/6dFBBx4uFdMn3mFYW","c77v4YdftH1Ju0R0toanS5","e4hPkDlURHeKoYGirB94O3","fcP30fQhZFTbc2LKtjgqZR","ec0HGujXFCJYPmyZOxQLrG","767UdgixFLTZYRUXvJztQ7","cchex9B1xPAJ5ZPYabiLob","bfacni/F5Cxp0gbr/XIIow","ebOUWcMTpCfrAJKGLpgUGB","63kzQ4zZZFx5h/+jxIrMO5","a5c4fqFv1Em43KJOVm9SvP","8c+oK5VwdE4YXq51HVYmkY","2cb3g429hLvrB/tHlGoqLF","0cIB8WLJpBEY4SjxLg3/Bn","06OQXgfHxJV4R7Xfw+5fFs","27Rnwp5qBBr6dAT10HlKJH","0aPvGDzFRMfp0dupvRD8RX","09JlpW0HFNzLzbubA3yyIJ","25n3rVatJKCZW+3FgmeSTr"],["_textureSetter","0","1","5","10","00","all","all_respin","scatter","scatter_100","win","x10","x10_bg","x10_kong","x2","x2_bg","x2_kong","x5","x5_bg","x5_kong"],["cc.SpriteFrame",["cc.SpriteAtlas",["_name","_spriteFrames"],2,11]],[[1,0,1,2]],[[[{"name":"x2_bg","rect":[474,2,230,164],"offset":[0,0],"originalSize":[230,164],"capInsets":[0,0,0,0]}],[0],0,[0],[0],[0]],[[{"name":"x5_bg","rect":[474,168,230,163],"offset":[0,0],"originalSize":[230,163],"capInsets":[0,0,0,0]}],[0],0,[0],[0],[0]],[[{"name":"x5","rect":[706,168,228,162],"offset":[0,-5],"originalSize":[234,202],"capInsets":[0,0,0,0]}],[0],0,[0],[0],[0]],[[{"name":"x2","rect":[706,332,228,162],"offset":[0,-5],"originalSize":[234,202],"capInsets":[0,0,0,0]}],[0],0,[0],[0],[0]],[[{"name":"x5_kong","rect":[96,853,145,100],"offset":[0,0],"originalSize":[145,100],"rotated":1,"capInsets":[0,0,0,0]}],[0],0,[0],[0],[0]],[[{"name":"x2_kong","rect":[100,684,143,99],"offset":[0,0],"originalSize":[143,99],"rotated":1,"capInsets":[0,0,0,0]}],[0],0,[0],[0],[0]],[[{"name":"x10_kong","rect":[656,496,188,101],"offset":[0,0],"originalSize":[188,101],"capInsets":[0,0,0,0]}],[0],0,[0],[0],[0]],[[{"name":"win","rect":[938,160,74,30],"offset":[0,0],"originalSize":[74,30],"capInsets":[0,0,0,0]}],[0],0,[0],[0],[0]],[[{"name":"all","rect":[938,2,156,81],"offset":[0,0],"originalSize":[156,81],"rotated":1,"capInsets":[0,0,0,0]}],[0],0,[0],[0],[0]],[[{"name":"x10_bg","rect":[706,2,230,164],"offset":[0,0],"originalSize":[230,164],"capInsets":[0,0,0,0]}],[0],0,[0],[0],[0]],[[{"name":"x10","rect":[2,206,228,162],"offset":[0,-5],"originalSize":[234,202],"capInsets":[0,0,0,0]}],[0],0,[0],[0],[0]],[[[0,"item.plist",[{},"0",6,0,"1",6,1,"5",6,2,"10",6,3,"00",6,4,"all",6,5,"all_respin",6,6,"scatter",6,7,"scatter_100",6,8,"win",6,9,"x10",6,10,"x10_bg",6,11,"x10_kong",6,12,"x2",6,13,"x2_bg",6,14,"x2_kong",6,15,"x5",6,16,"x5_bg",6,17,"x5_kong",6,18]]],0,0,[0,0,0,0,0,0,0,0,0,0,0,0,0,0,0,0,0,0,0],[1,2,3,4,5,6,7,8,9,10,11,12,13,14,15,16,17,18,19],[1,2,3,4,5,6,7,8,9,10,11,12,13,14,15,16,17,18,19]],[[{"name":"scatter","rect":[238,2,234,202],"offset":[0,0],"originalSize":[234,202],"capInsets":[0,0,0,0]}],[0],0,[0],[0],[0]],[[{"name":"0","rect":[2,684,96,167],"offset":[0,0],"originalSize":[238,197],"capInsets":[0,0,0,0]}],[0],0,[0],[0],[0]],[[{"name":"1","rect":[936,192,66,165],"offset":[0,0],"originalSize":[238,197],"capInsets":[0,0,0,0]}],[0],0,[0],[0],[0]],[[{"name":"all_respin","rect":[232,206,226,162],"offset":[0,-2],"originalSize":[234,202],"capInsets":[0,0,0,0]}],[0],0,[0],[0],[0]],[[{"name":"5","rect":[2,853,92,167],"offset":[0,0],"originalSize":[238,197],"capInsets":[0,0,0,0]}],[0],0,[0],[0],[0]],[[{"name":"scatter_100","rect":[2,2,234,202],"offset":[0,0],"originalSize":[234,202],"capInsets":[0,0,0,0]}],[0],0,[0],[0],[0]],[[{"name":"00","rect":[460,333,194,167],"offset":[0,0],"originalSize":[238,197],"capInsets":[0,0,0,0]}],[0],0,[0],[0],[0]],[[{"name":"10","rect":[846,496,186,167],"offset":[4,0],"originalSize":[238,197],"rotated":1,"capInsets":[0,0,0,0]}],[0],0,[0],[0],[0]]]]