[1,["36tyrbk9RPOqEUiSZvOQuR"],["_textureSetter"],["cc.SpriteFrame"],0,[[[{"name":"0","rect":[462,262,96,167],"offset":[0,0],"originalSize":[238,197],"capInsets":[0,0,0,0]}],[0],0,[0],[0],[0]],[[{"name":"00","rect":[789,402,194,167],"offset":[0,0],"originalSize":[238,197],"capInsets":[0,0,0,0]}],[0],0,[0],[0],[0]],[[{"name":"option","rect":[169,431,39,39],"offset":[0,0],"originalSize":[63,63],"capInsets":[0,0,0,0]}],[0],0,[0],[0],[0]],[[{"name":"5","rect":[210,426,92,167],"offset":[0,0],"originalSize":[238,197],"rotated":1,"capInsets":[0,0,0,0]}],[0],0,[0],[0],[0]],[[{"name":"scatter","rect":[796,166,234,202],"offset":[0,0],"originalSize":[234,202],"rotated":1,"capInsets":[0,0,0,0]}],[0],0,[0],[0],[0]],[[{"name":"payline","rect":[560,370,227,144],"offset":[0,0],"originalSize":[227,144],"capInsets":[0,0,0,0]}],[0],0,[0],[0],[0]],[[{"name":"bet_small","rect":[985,449,37,35],"offset":[0,0],"originalSize":[63,63],"capInsets":[0,0,0,0]}],[0],0,[0],[0],[0]],[[{"name":"10","rect":[2,571,186,167],"offset":[4,0],"originalSize":[238,197],"rotated":1,"capInsets":[0,0,0,0]}],[0],0,[0],[0],[0]],[[{"name":"all_respin","rect":[796,2,226,162],"offset":[0,-2],"originalSize":[234,202],"capInsets":[0,0,0,0]}],[0],0,[0],[0],[0]],[[{"name":"sounds","rect":[985,402,45,37],"offset":[0,0],"originalSize":[63,63],"rotated":1,"capInsets":[0,0,0,0]}],[0],0,[0],[0],[0]],[[{"name":"itembg","rect":[2,2,556,258],"offset":[0,0],"originalSize":[556,258],"capInsets":[10,11,10,11]}],[0],0,[0],[0],[0]],[[{"name":"autospin_small","rect":[98,516,51,43],"offset":[0,0],"originalSize":[63,63],"rotated":1,"capInsets":[0,0,0,0]}],[0],0,[0],[0],[0]],[[{"name":"spin_small","rect":[2,516,53,53],"offset":[0,0],"originalSize":[63,63],"capInsets":[0,0,0,0]}],[0],0,[0],[0],[0]],[[{"name":"1","rect":[2,431,66,165],"offset":[0,0],"originalSize":[238,197],"rotated":1,"capInsets":[0,0,0,0]}],[0],0,[0],[0],[0]],[[{"name":"scatter_100","rect":[560,2,234,202],"offset":[0,0],"originalSize":[234,202],"capInsets":[0,0,0,0]}],[0],0,[0],[0],[0]],[[{"name":"gamerules","rect":[143,516,49,49],"offset":[0,0],"originalSize":[63,63],"capInsets":[0,0,0,0]}],[0],0,[0],[0],[0]],[[{"name":"turbospin","rect":[57,516,39,53],"offset":[1,0],"originalSize":[63,63],"capInsets":[0,0,0,0]}],[0],0,[0],[0],[0]],[[{"name":"x2","rect":[2,262,228,162],"offset":[0,-5],"originalSize":[234,202],"capInsets":[0,0,0,0]}],[0],0,[0],[0],[0]],[[{"name":"x10","rect":[232,262,228,162],"offset":[0,-5],"originalSize":[234,202],"capInsets":[0,0,0,0]}],[0],0,[0],[0],[0]],[[{"name":"x5","rect":[560,206,228,162],"offset":[0,-5],"originalSize":[234,202],"capInsets":[0,0,0,0]}],[0],0,[0],[0],[0]]]]