[1,["a6HR/JKztObYDxsg8NOyzL","28R80rGBNOQrywuwqeG7SD","1eDmbqnHREH5vOj1SLsZRT","fa8EN8O0dAo4xXGF4ZSuHl","b88lLObc1Fm4gAx1Ho9UM4","15sYIc+QZBYq6J9cinaAaT","29zlzBTXxFho8er0GgLA/v"],["_textureSetter","1","2","3","4","5","6"],["cc.SpriteFrame",["cc.SpriteAtlas",["_name","_spriteFrames"],2,11]],[[1,0,1,2]],[[[{"name":"5","rect":[39,2,35,39],"offset":[0,0],"originalSize":[35,39],"rotated":1,"capInsets":[0,0,0,0]}],[0],0,[0],[0],[0]],[[{"name":"2","rect":[2,44,35,40],"offset":[0,0],"originalSize":[35,40],"capInsets":[0,0,0,0]}],[0],0,[0],[0],[0]],[[{"name":"1","rect":[2,86,35,40],"offset":[0,0],"originalSize":[35,40],"capInsets":[0,0,0,0]}],[0],0,[0],[0],[0]],[[{"name":"6","rect":[39,39,18,18],"offset":[0,0],"originalSize":[18,18],"capInsets":[0,0,0,0]}],[0],0,[0],[0],[0]],[[[0,"game_3.plist",[{},"1",6,0,"2",6,1,"3",6,2,"4",6,3,"5",6,4,"6",6,5]]],0,0,[0,0,0,0,0,0],[1,2,3,4,5,6],[1,2,3,4,5,6]],[[{"name":"4","rect":[2,2,35,40],"offset":[0,0],"originalSize":[35,40],"capInsets":[0,0,0,0]}],[0],0,[0],[0],[0]],[[{"name":"3","rect":[80,2,35,37],"offset":[0,0],"originalSize":[35,37],"rotated":1,"capInsets":[0,0,0,0]}],[0],0,[0],[0],[0]]]]