[1,["97zY2adR5Cc5P9s5nkzHJZ","74FzibjshP8oklu24KrnbO","98PdwUnfNBt7HkIzQ7sm+4","afDEkFiJNJr5P0faSLUi34","a8SxmbxedGvJTQEnYSzdBq","cb3kddU6ZMgYmdt28lH6n8","16l5vAeFRBTJteI9n3fvsJ","75eMQRFPpGdrXbN97ebePO","c9OrcsO5dLvYg4YO6W541Z","cdwLoe8I9NEq+LjfpypJJx","4eUFGFibhANKQzKSx5HFhd","17O30yx89NypgQ5g1MmyZ6","0af16soQVBRray5mAuMxyJ","e2eP4HYupE379q7BpRU3QB","d4clnhkwpH5L/WreXkYtTI","60DfWygFlIirBM9ifGT2Ht","44i4CB205PP58P7EZRUggt","84umartdFHPbzcgEjAFG45","72RtPGznJIPLX9kxAGw0Uo","63Vnul73NCW6jMdQFE65dH","23M05gxEpAlKIFIrMEK9UJ"],["_textureSetter","1","2","3","4","5","6","7","8","9","10","11","12","13","14","15","16","17","18","19","20"],["cc.SpriteFrame",["cc.SpriteAtlas",["_name","_spriteFrames"],2,11]],[[1,0,1,2]],[[[{"name":"12","rect":[33,179,27,29],"offset":[0,0],"originalSize":[27,29],"rotated":1,"capInsets":[0,0,0,0]}],[0],0,[0],[0],[0]],[[{"name":"6","rect":[55,62,21,27],"offset":[0,0],"originalSize":[21,27],"capInsets":[0,0,0,0]}],[0],0,[0],[0],[0]],[[{"name":"11","rect":[2,195,27,29],"offset":[0,0],"originalSize":[27,29],"rotated":1,"capInsets":[0,0,0,0]}],[0],0,[0],[0],[0]],[[[0,"tutorial.plist",[{},"1",6,0,"2",6,1,"3",6,2,"4",6,3,"5",6,4,"6",6,5,"7",6,6,"8",6,7,"9",6,8,"10",6,9,"11",6,10,"12",6,11,"13",6,12,"14",6,13,"15",6,14,"16",6,15,"17",6,16,"18",6,17,"19",6,18,"20",6,19]]],0,0,[0,0,0,0,0,0,0,0,0,0,0,0,0,0,0,0,0,0,0,0],[1,2,3,4,5,6,7,8,9,10,11,12,13,14,15,16,17,18,19,20],[1,2,3,4,5,6,7,8,9,10,11,12,13,14,15,16,17,18,19,20]],[[{"name":"20","rect":[79,2,42,349],"offset":[0,0],"originalSize":[42,349],"capInsets":[0,0,0,0]}],[0],0,[0],[0],[0]],[[{"name":"16","rect":[35,77,18,16],"offset":[0,0],"originalSize":[18,16],"capInsets":[6,0,6,0]}],[0],0,[0],[0],[0]],[[{"name":"15","rect":[35,95,15,15],"offset":[0,0],"originalSize":[15,15],"capInsets":[0,0,0,0]}],[0],0,[0],[0],[0]],[[{"name":"19","rect":[2,105,30,30],"offset":[0,0],"originalSize":[30,30],"capInsets":[0,0,0,0]}],[0],0,[0],[0],[0]],[[{"name":"18","rect":[31,231,26,24],"offset":[0,0],"originalSize":[26,24],"capInsets":[10,0,10,0]}],[0],0,[0],[0],[0]],[[{"name":"1","rect":[2,2,75,29],"offset":[0,0],"originalSize":[75,29],"capInsets":[0,0,0,0]}],[0],0,[0],[0],[0]],[[{"name":"7","rect":[55,33,21,27],"offset":[0,0],"originalSize":[21,27],"capInsets":[0,0,0,0]}],[0],0,[0],[0],[0]],[[{"name":"17","rect":[2,247,24,24],"offset":[0,0],"originalSize":[24,24],"capInsets":[0,0,0,0]}],[0],0,[0],[0],[0]],[[{"name":"2","rect":[2,33,51,42],"offset":[0,0],"originalSize":[51,42],"capInsets":[0,0,0,0]}],[0],0,[0],[0],[0]],[[{"name":"4","rect":[33,208,21,27],"offset":[0,0],"originalSize":[21,27],"rotated":1,"capInsets":[0,0,0,0]}],[0],0,[0],[0],[0]],[[{"name":"3","rect":[2,224,21,27],"offset":[0,0],"originalSize":[21,27],"rotated":1,"capInsets":[0,0,0,0]}],[0],0,[0],[0],[0]],[[{"name":"5","rect":[55,91,21,27],"offset":[0,0],"originalSize":[21,27],"capInsets":[0,0,0,0]}],[0],0,[0],[0],[0]],[[{"name":"9","rect":[2,77,31,26],"offset":[0,0],"originalSize":[31,28],"capInsets":[0,0,0,0]}],[0],0,[0],[0],[0]],[[{"name":"14","rect":[2,137,27,30],"offset":[0,0],"originalSize":[27,30],"rotated":1,"capInsets":[0,0,0,0]}],[0],0,[0],[0],[0]],[[{"name":"13","rect":[2,166,27,29],"offset":[0,0],"originalSize":[27,29],"rotated":1,"capInsets":[0,0,0,0]}],[0],0,[0],[0],[0]]]]