[1,["72lwMbPw1Cx5jlZpaycSnU","52rEGwzaVDSZ128sZRbZui","cb8kpZn9RH9oYuQuzEGTdH","eaiZQrsvBAo7VeR6n8Zq6Y","2bvN51t9lMfbwWGUTnhU4t","8cAbfsKdtJ1qcIdQIKLHCI","61QZs2qfpIUq5gfWuch5T1","14b16x+8hH67KFx9v9zT0x","825u8ALntD7YsUAwv2GbH9","00tlMa/OJOJ5SSeNPHRWur","acgeh6fYlNGbHBhLMWkdLo","caQDON1mFI+btY/+4hQfXv","fcNPuFywRG+6MURAn5vlSt","07wS9hp21OGbhYCf2Ae+Jq"],["_textureSetter","1","2","3","4","5","6","7","8","9","10","11","12","img104"],["cc.SpriteFrame",["cc.SpriteAtlas",["_name","_spriteFrames"],2,11]],[[1,0,1,2]],[[[{"name":"9","rect":[165,92,65,86],"offset":[0,0],"originalSize":[65,86],"rotated":1,"capInsets":[0,0,0,0]}],[0],0,[0],[0],[0]],[[{"name":"img104","rect":[165,2,88,88],"offset":[0,0],"originalSize":[88,88],"capInsets":[0,0,0,0]}],[0],0,[0],[0],[0]],[[{"name":"7","rect":[214,159,30,30],"offset":[0,0],"originalSize":[30,30],"capInsets":[0,0,0,0]}],[0],0,[0],[0],[0]],[[{"name":"4","rect":[2,95,77,46],"offset":[0,0],"originalSize":[77,46],"capInsets":[0,0,0,0]}],[0],0,[0],[0],[0]],[[{"name":"1","rect":[2,2,161,91],"offset":[0,0],"originalSize":[161,91],"capInsets":[0,0,0,0]}],[0],0,[0],[0],[0]],[[{"name":"6","rect":[2,202,65,64],"offset":[0,0],"originalSize":[65,64],"capInsets":[0,0,0,0]}],[0],0,[0],[0],[0]],[[[0,"common4.plist",[{},"1",6,0,"2",6,1,"3",6,2,"4",6,3,"5",6,4,"6",6,5,"7",6,6,"8",6,7,"9",6,8,"10",6,9,"11",6,10,"12",6,11,"img104",6,12]]],0,0,[0,0,0,0,0,0,0,0,0,0,0,0,0],[1,2,3,4,5,6,7,8,9,10,11,12,13],[1,2,3,4,5,6,7,8,9,10,11,12,13]],[[{"name":"8","rect":[2,143,57,70],"offset":[0,0],"originalSize":[57,70],"rotated":1,"capInsets":[0,0,0,0]}],[0],0,[0],[0],[0]],[[{"name":"5","rect":[145,159,67,66],"offset":[0,0],"originalSize":[67,66],"capInsets":[0,0,0,0]}],[0],0,[0],[0],[0]],[[{"name":"10","rect":[69,232,54,63],"offset":[0,0],"originalSize":[54,63],"rotated":1,"capInsets":[0,0,0,0]}],[0],0,[0],[0],[0]],[[{"name":"11","rect":[143,227,63,60],"offset":[0,0],"originalSize":[63,60],"capInsets":[0,0,0,0]}],[0],0,[0],[0],[0]],[[{"name":"2","rect":[81,95,72,51],"offset":[0,0],"originalSize":[72,51],"capInsets":[0,0,0,0]}],[0],0,[0],[0],[0]],[[{"name":"3","rect":[74,148,23,69],"offset":[0,0],"originalSize":[23,69],"rotated":1,"capInsets":[0,0,0,0]}],[0],0,[0],[0],[0]],[[{"name":"12","rect":[74,173,57,67],"offset":[0,0],"originalSize":[57,67],"rotated":1,"capInsets":[0,0,0,0]}],[0],0,[0],[0],[0]]]]