[1,["e7KHn8XKhNqoM9CDzfpL5F","9dR1YfE7hCcpvO+H4M1ouW","53OpatCOFIgoQwqE3gOQt1","ecuo8G3vBFdIrNT0tDFhyj","e2xfORErhEp5/SQNoAlt52","3br3uDTctB252GLET4xMUX","f522tJf8NA4LMlg296sV38","bcqtxvFVJNl6PDUi3cpJuI","ffwAOYn05PiJmm6leXspou","fbhfEjs0JLbJBmnvEerWcJ","96LXxFFT9EaY0gkeTkx4RI","8a7JIr6mdFf5ST5zjut7PC","d1HoiR3fFCMqJoCuFdkAN/","e2V3TfwLpGwpIHXO4Ep9Sy","0aX9HHpQFJDKP1RsuUlu8W","c0k1nQp8xJAKqlgozrSXcg","0dQQAT7nhLFLP4VOdjRd6l","9bhvotbIlF04G3m1VfSWNs","27qWFGZGxPTYGnNAGuSJN6","801jeNjvdPU7pFzKC4Plbw","54IdeZBE1Jw6cqsMwEo1ic","cfh4pN/c5BJ61pmDFPDvvI","abztkbPgtHT7cp5Gq51aEK","9eTOQ9SFxGupzOm+guO2QF","13r/ilNjRJoJK61EP7Cpav","60sPWThypMyoLwcr6Nn0zX","bdQQTlHOBDVZrbwkoRBq7F","4f0PYjDRhLuJOpNqjXr6VA","65DH+hiR1JQLvSeUkShPGj","60ThwKaDdDNZMvioqqF2OM"],["_textureSetter","1","3","4","5","6","7","8","9","10","11","12","13","14","15","16","17","18","19","20","21","22","23","24","25","26","27","23-1","bg","bg1"],["cc.SpriteFrame",["cc.SpriteAtlas",["_name","_spriteFrames"],2,11]],[[1,0,1,2]],[[[{"name":"15","rect":[427,245,70,58],"offset":[0,0],"originalSize":[70,58],"capInsets":[0,0,0,0]}],[0],0,[0],[0],[0]],[[{"name":"17","rect":[435,185,74,58],"offset":[0,0],"originalSize":[74,58],"capInsets":[0,0,0,0]}],[0],0,[0],[0],[0]],[[{"name":"25","rect":[217,31,40,219],"offset":[0,0],"originalSize":[40,219],"rotated":1,"capInsets":[0,0,0,0]}],[0],0,[0],[0],[0]],[[{"name":"19","rect":[438,31,71,50],"offset":[0,0],"originalSize":[71,50],"capInsets":[0,0,0,0]}],[0],0,[0],[0],[0]],[[{"name":"6","rect":[142,31,325,27],"offset":[0,0],"originalSize":[325,27],"rotated":1,"capInsets":[0,0,0,0]}],[0],0,[0],[0],[0]],[[{"name":"23-1","rect":[352,290,69,49],"offset":[0,0],"originalSize":[69,49],"capInsets":[0,0,0,0]}],[0],0,[0],[0],[0]],[[{"name":"3","rect":[63,368,136,51],"offset":[0,0],"originalSize":[136,51],"rotated":1,"capInsets":[0,0,0,0]}],[0],0,[0],[0],[0]],[[{"name":"21","rect":[438,134,71,49],"offset":[0,0],"originalSize":[71,49],"capInsets":[0,0,0,0]}],[0],0,[0],[0],[0]],[[{"name":"bg1","rect":[2,2,70,364],"offset":[0,0],"originalSize":[70,364],"capInsets":[0,0,0,0]}],[0],0,[0],[0],[0]],[[{"name":"26","rect":[171,31,41,312],"offset":[0,0],"originalSize":[41,312],"capInsets":[0,0,0,0]}],[0],0,[0],[0],[0]],[[{"name":"bg","rect":[74,2,66,364],"offset":[0,0],"originalSize":[66,364],"capInsets":[0,0,0,0]}],[0],0,[0],[0],[0]],[[{"name":"20","rect":[217,124,149,47],"offset":[0,0],"originalSize":[149,47],"capInsets":[0,0,0,0]}],[0],0,[0],[0],[0]],[[{"name":"12","rect":[423,305,69,47],"offset":[0,0],"originalSize":[69,47],"capInsets":[0,0,0,0]}],[0],0,[0],[0],[0]],[[{"name":"11","rect":[374,73,77,62],"offset":[0,0],"originalSize":[77,62],"rotated":1,"capInsets":[0,0,0,0]}],[0],0,[0],[0],[0]],[[{"name":"18","rect":[2,368,139,59],"offset":[0,0],"originalSize":[139,59],"rotated":1,"capInsets":[0,0,0,0]}],[0],0,[0],[0],[0]],[[{"name":"1","rect":[116,368,123,49],"offset":[0,0],"originalSize":[123,49],"rotated":1,"capInsets":[0,0,0,0]}],[0],0,[0],[0],[0]],[[{"name":"24","rect":[116,493,21,10],"offset":[0,0],"originalSize":[21,10],"capInsets":[0,0,0,0]}],[0],0,[0],[0],[0]],[[{"name":"23","rect":[167,358,151,48],"offset":[0,0],"originalSize":[151,48],"rotated":1,"capInsets":[0,0,0,0]}],[0],0,[0],[0],[0]],[[{"name":"8","rect":[368,152,65,56],"offset":[0,0],"originalSize":[65,56],"capInsets":[0,0,0,0]}],[0],0,[0],[0],[0]],[[{"name":"27","rect":[167,2,27,329],"offset":[0,0],"originalSize":[27,329],"rotated":1,"capInsets":[0,0,0,0]}],[0],0,[0],[0],[0]],[[{"name":"16","rect":[217,173,148,49],"offset":[0,0],"originalSize":[148,49],"capInsets":[0,0,0,0]}],[0],0,[0],[0],[0]],[[{"name":"22","rect":[438,83,71,49],"offset":[0,0],"originalSize":[71,49],"capInsets":[0,0,0,0]}],[0],0,[0],[0],[0]],[[{"name":"13","rect":[367,210,78,58],"offset":[0,0],"originalSize":[78,58],"rotated":1,"capInsets":[0,0,0,0]}],[0],0,[0],[0],[0]],[[{"name":"14","rect":[258,304,49,41],"offset":[0,0],"originalSize":[49,41],"capInsets":[0,0,0,0]}],[0],0,[0],[0],[0]],[[{"name":"5","rect":[309,304,24,41],"offset":[0,0],"originalSize":[24,41],"rotated":1,"capInsets":[0,0,0,0]}],[0],0,[0],[0],[0]],[[{"name":"4","rect":[217,73,155,49],"offset":[0,0],"originalSize":[155,49],"capInsets":[0,0,0,0]}],[0],0,[0],[0],[0]],[[{"name":"7","rect":[214,245,109,42],"offset":[0,0],"originalSize":[109,42],"rotated":1,"capInsets":[0,0,0,0]}],[0],0,[0],[0],[0]],[[[0,"game.plist",[{},"1",6,0,"3",6,1,"4",6,2,"5",6,3,"6",6,4,"7",6,5,"8",6,6,"9",6,7,"10",6,8,"11",6,9,"12",6,10,"13",6,11,"14",6,12,"15",6,13,"16",6,14,"17",6,15,"18",6,16,"19",6,17,"20",6,18,"21",6,19,"22",6,20,"23",6,21,"24",6,22,"25",6,23,"26",6,24,"27",6,25,"23-1",6,26,"bg",6,27,"bg1",6,28]]],0,0,[0,0,0,0,0,0,0,0,0,0,0,0,0,0,0,0,0,0,0,0,0,0,0,0,0,0,0,0,0],[1,2,3,4,5,6,7,8,9,10,11,12,13,14,15,16,17,18,19,20,21,22,23,24,25,26,27,28,29],[1,2,3,4,5,6,7,8,9,10,11,12,13,14,15,16,17,18,19,20,21,22,23,24,25,26,27,28,29]],[[{"name":"10","rect":[258,266,92,36],"offset":[0,0],"originalSize":[92,36],"capInsets":[0,0,0,0]}],[0],0,[0],[0],[0]],[[{"name":"9","rect":[258,224,94,40],"offset":[0,0],"originalSize":[94,40],"capInsets":[0,0,0,0]}],[0],0,[0],[0],[0]]]]