[1,["7dhKGRNmlDxbYfsdgpA3Zv","e3kq23A0BIAad4GK8w1dZZ"],["spriteFrame","_textureSetter"],["cc.SpriteFrame",["cc.BitmapFont",["_name","fontSize","_fntConfig"],0]],[[1,0,1,2,4]],[[[[0,"winNum",32,{"commonHeight":32,"fontSize":32,"atlasName":"winNum_0.png","fontDefDictionary":{"44":{"xOffset":0,"yOffset":0,"xAdvance":42,"rect":{"x":461,"y":0,"width":42,"height":97}},"46":{"xOffset":0,"yOffset":0,"xAdvance":42,"rect":{"x":0,"y":100,"width":42,"height":97}},"48":{"xOffset":0,"yOffset":0,"xAdvance":57,"rect":{"x":112,"y":0,"width":57,"height":98}},"49":{"xOffset":0,"yOffset":0,"xAdvance":42,"rect":{"x":43,"y":100,"width":42,"height":97}},"50":{"xOffset":0,"yOffset":0,"xAdvance":57,"rect":{"x":403,"y":0,"width":57,"height":97}},"51":{"xOffset":0,"yOffset":0,"xAdvance":55,"rect":{"x":0,"y":0,"width":55,"height":99}},"52":{"xOffset":0,"yOffset":0,"xAdvance":58,"rect":{"x":344,"y":0,"width":58,"height":97}},"53":{"xOffset":0,"yOffset":0,"xAdvance":55,"rect":{"x":56,"y":0,"width":55,"height":99}},"54":{"xOffset":0,"yOffset":0,"xAdvance":57,"rect":{"x":170,"y":0,"width":57,"height":98}},"55":{"xOffset":0,"yOffset":0,"xAdvance":56,"rect":{"x":86,"y":100,"width":56,"height":96}},"56":{"xOffset":0,"yOffset":0,"xAdvance":57,"rect":{"x":228,"y":0,"width":57,"height":98}},"57":{"xOffset":0,"yOffset":0,"xAdvance":57,"rect":{"x":286,"y":0,"width":57,"height":98}}},"kerningDict":{}}]],0,0,[0],[0],[0]],[[{"name":"winNum_0","rect":[0,0,494,197],"offset":[-9,157.5],"originalSize":[512,512],"capInsets":[0,0,0,0]}],[0],0,[0],[1],[1]]]]